,Material_ID,C,Mn,Si,Cr,Ni,Mo,V,N,Nb,Co,W,Al,Ti,Heat treatment/C,YS/MPa,UTS/MPa,Elong/%
0,1,0.18,0.01,0.01,13.44,0.01,3.01,0.46,0.04,0.01,19.46,2.35,0.04,0.0,1038,1123.1,1929.2,8.0
1,2,0.16,0.01,0.01,14.26,0.01,4.93,0.46,0.03,0.01,10.55,0.0,0.04,0.0,1093,1405.6,1894.8,14.0
2,3,0.16,0.01,0.01,14.56,0.01,4.9,0.48,0.05,0.01,15.6,0.0,0.04,0.0,1093,1529.6,2025.7,14.0
3,4,0.16,0.01,0.01,14.56,0.01,4.9,0.48,0.05,0.01,15.6,0.0,0.04,0.0,1038,,1991.2,9.0
4,5,0.16,0.01,0.01,13.56,0.01,4.7,0.4,0.04,0.01,16.2,0.0,0.04,0.0,1093,1274.7,1949.9,12.0
6,7,0.08,0.01,0.01,14.48,0.01,4.99,0.46,0.07,0.01,13.56,0.0,0.03,0.0,1149,1316.0,2011.9,12.0
7,8,0.08,0.01,0.01,14.48,0.01,4.99,0.46,0.07,0.01,13.56,0.0,0.03,0.0,1093,1322.9,2025.7,16.0
8,9,0.08,0.01,0.01,14.48,0.01,4.99,0.46,0.07,0.01,13.56,0.0,0.03,0.0,1038,1295.3,2011.9,12.0
9,10,0.12,0.01,0.01,14.4,0.01,4.99,0.41,0.03,0.01,13.45,0.0,0.05,0.0,1093,1322.9,1984.3,16.0
10,11,0.12,0.01,0.01,14.52,0.01,5.09,0.43,0.03,0.01,13.48,0.0,0.03,0.0,1093,1515.8,2101.5,6.0
11,12,0.21,0.01,0.01,14.58,0.01,5.02,0.46,0.02,0.01,13.45,0.0,0.05,0.0,1093,1529.6,2108.3,12.0
12,13,0.21,0.01,0.01,14.6,0.01,5.02,0.41,0.02,0.01,13.48,0.0,0.05,0.0,1093,1405.6,2122.1,12.0
13,14,0.15,0.01,0.01,14.48,0.01,5.06,0.46,0.15,0.01,13.49,0.0,0.05,0.0,1093,1164.4,2032.6,4.0
15,16,0.07,0.01,0.01,15.54,0.01,4.99,0.41,0.03,0.01,13.41,0.0,0.03,0.0,1093,1343.6,2060.1,14.0
17,18,0.16,0.01,0.01,14.34,0.01,5.09,0.87,0.04,0.01,13.45,0.0,0.05,0.0,1093,1550.3,2122.1,12.0
18,19,0.16,0.01,0.01,14.36,0.01,3.01,0.97,0.03,0.01,13.33,0.0,0.05,0.0,1093,1240.2,1598.5,14.0
19,20,0.15,0.01,0.01,14.36,0.01,3.04,0.41,0.03,0.01,13.64,0.0,0.03,0.0,1093,1233.3,1612.3,14.0
21,22,0.17,0.01,0.01,14.26,0.01,5.09,0.41,0.03,0.01,13.64,0.0,0.03,0.0,1093,1502.0,2094.6,11.0
22,23,0.15,0.01,0.01,14.36,0.01,5.09,0.41,0.03,0.01,12.23,0.0,0.04,0.0,1038,1440.0,1887.9,12.0
23,24,0.15,0.01,0.01,14.36,0.01,5.09,0.41,0.03,0.01,12.23,0.0,0.04,0.0,1093,1502.0,1991.2,13.0
25,26,0.16,0.56,0.01,14.46,0.01,5.12,0.41,0.03,0.01,13.41,0.0,0.05,0.0,1093,1350.4,2039.4,12.0
27,28,0.01,0.01,0.03,7.93,10.02,0.2,0.0,0.01,0.0,8.14,2.29,0.2,0.49,900,1935.0,,8.0
28,29,0.01,0.01,0.03,7.93,10.02,0.2,0.0,0.01,0.0,8.14,2.29,0.2,0.49,900,1250.0,1460.0,9.0
29,30,0.01,0.01,0.03,7.93,10.02,0.2,0.0,0.01,0.0,8.14,2.29,0.2,0.49,900,,1865.0,10.0
30,31,0.01,0.01,0.01,0.01,15.1,5.1,0.01,0.0,0.01,9.2,0.0,0.92,0.7,982,1619.2,1722.5,9.0
32,33,0.01,0.01,0.01,0.01,15.1,5.1,0.01,0.0,0.01,9.2,0.0,0.92,0.7,982,1729.4,1874.1,8.0
33,34,0.01,0.01,0.01,0.01,15.1,5.1,0.01,0.0,0.01,9.2,0.0,0.92,0.7,982,1281.5,1398.7,16.0
34,35,0.01,0.01,0.01,0.01,15.1,5.1,0.01,0.0,0.01,9.2,0.0,0.92,0.7,982,1502.0,1660.5,10.0
35,36,0.01,0.01,0.01,0.01,15.1,5.1,0.01,0.0,0.01,9.2,0.0,0.92,0.7,982,1412.5,,
36,37,0.01,0.05,0.11,4.62,12.08,2.79,0.01,0.0,0.01,0.01,0.0,0.21,0.2,816,1167.2,1220.9,17.5
37,38,0.01,0.03,0.11,4.77,12.21,3.03,0.01,0.0,0.01,0.01,0.0,0.26,0.2,816,1216.8,1249.8,17.0
38,39,0.01,0.05,0.12,4.8,12.16,2.99,0.01,0.0,0.01,0.01,0.0,0.4,0.19,816,1272.6,1318.1,17.5
40,41,0.02,0.08,0.04,4.73,12.08,3.15,0.01,0.0,0.01,0.01,0.0,0.38,0.23,816,1243.6,1267.1,17.0
41,42,0.0,0.05,0.06,4.81,11.5,2.95,0.01,0.0,0.01,0.01,0.0,0.66,0.2,816,1451.7,1494.4,16.0
43,44,0.01,0.05,0.06,5.32,12.95,2.93,0.01,0.0,0.01,0.01,0.0,0.51,0.2,816,1404.2,1429.0,15.0
44,45,0.0,0.04,0.06,5.01,11.83,2.98,0.01,0.0,0.01,0.01,0.0,0.39,0.2,816,1324.3,1351.8,16.0
45,46,0.01,0.02,0.03,5.0,12.16,3.0,0.01,0.0,0.01,0.01,0.0,0.31,0.21,816,1309.8,1345.6,15.0
46,47,0.01,0.1,0.18,4.87,12.08,2.97,0.01,0.0,0.01,0.01,0.0,0.25,0.15,816,1230.6,1262.2,16.0
47,48,0.02,0.21,0.19,4.98,12.26,2.97,0.01,0.0,0.01,0.01,0.0,0.23,0.14,816,1194.0,1223.7,15.0
48,49,0.01,0.08,0.04,4.7,12.2,3.13,0.01,0.0,0.01,0.01,0.0,0.26,0.19,816,1212.6,1244.3,18.0
49,50,0.01,0.07,0.04,4.57,12.05,3.12,0.01,0.0,0.01,0.01,0.0,0.34,0.18,816,1254.0,1286.4,16.0
50,51,0.01,0.06,0.03,4.67,12.14,3.17,0.01,0.0,0.01,0.01,0.0,0.47,0.19,816,1390.4,,15.0
51,52,0.01,0.04,1.87,0.01,16.7,0.02,0.01,0.0,0.01,0.01,0.0,0.05,0.08,816,1233.3,1260.9,17.0
54,55,0.02,0.1,2.02,0.01,18.4,0.02,0.01,0.0,0.01,0.01,0.0,0.03,0.0,816,1136.9,1185.1,14.0
55,56,0.01,0.06,2.58,0.01,17.8,0.02,0.01,0.0,0.01,0.01,0.0,0.05,0.07,816,1350.4,1412.5,15.0
56,57,0.01,0.06,2.58,0.01,17.8,0.02,0.01,0.0,0.01,0.01,0.0,0.05,0.07,816,1267.8,1336.7,17.0
57,58,0.02,0.11,3.18,0.01,18.3,0.02,0.01,0.0,0.01,0.01,0.0,0.03,0.0,816,1460.7,1502.0,16.0
58,59,0.02,0.11,3.18,0.01,18.3,0.02,0.01,0.0,0.01,0.01,0.0,0.03,0.0,816,1378.0,1460.7,12.0
59,60,0.01,0.1,3.3,0.01,18.5,0.02,0.01,0.0,0.01,0.01,0.0,0.05,0.11,816,1522.7,1564.0,14.0
60,61,0.01,0.1,3.3,0.01,18.5,0.02,0.01,0.0,0.01,0.01,0.0,0.05,0.11,816,1426.2,1495.1,13.0
61,62,0.02,0.1,4.27,0.01,18.1,0.02,0.01,0.0,0.01,0.01,0.0,0.07,0.09,816,1736.3,1839.6,4.0
63,64,0.35,0.07,4.75,0.01,18.5,0.02,0.01,0.0,0.01,0.01,0.0,0.03,0.0,816,1495.1,1825.9,2.0
64,65,0.35,0.07,4.75,0.01,18.5,0.02,0.01,0.0,0.01,0.01,0.0,0.03,0.0,816,,2073.9,
65,66,0.01,1.72,0.02,0.01,18.1,0.02,0.01,0.0,0.01,0.01,0.0,0.05,0.06,816,1136.9,1192.0,8.0
66,67,0.01,2.5,0.02,0.01,18.0,0.02,0.01,0.0,0.01,0.01,0.0,0.05,0.04,816,1460.7,1502.0,13.0
67,68,0.01,2.5,0.02,0.01,18.0,0.02,0.01,0.0,0.01,0.01,0.0,0.05,0.04,816,1481.4,1543.4,11.0
68,69,0.01,0.05,0.05,0.01,17.5,3.9,0.01,0.0,0.01,11.8,0.0,0.17,1.54,0,2452.8,2501.1,11.0
70,71,0.01,0.05,0.05,0.01,17.5,3.9,0.01,0.0,0.01,11.8,0.0,0.17,1.54,816,2321.9,2383.9,11.0
71,72,0.01,0.05,0.05,0.01,18.0,3.6,0.01,0.0,0.01,13.0,0.0,0.08,1.88,0,2473.5,2528.6,7.0
72,73,0.01,0.05,0.05,0.01,18.0,3.6,0.01,0.0,0.01,13.0,0.0,0.08,1.88,760,2404.6,2466.6,8.0
73,74,0.01,0.05,0.05,0.01,18.0,3.6,0.01,0.0,0.01,13.0,0.0,0.08,1.88,816,2356.4,2432.2,8.0
74,75,0.0,0.05,0.05,0.01,18.1,3.5,0.01,0.0,0.01,13.0,0.0,0.1,1.62,0,2363.3,2425.3,11.0
75,76,0.0,0.05,0.05,0.01,18.1,3.5,0.01,0.0,0.01,13.0,0.0,0.1,1.62,760,2335.7,2397.7,8.0
76,77,0.0,0.05,0.05,0.01,18.1,3.5,0.01,0.0,0.01,13.0,0.0,0.1,1.62,816,,2370.2,9.0
77,78,0.01,0.05,0.05,0.01,17.5,4.15,0.01,0.0,0.01,11.5,0.0,0.62,1.48,0,2576.9,2625.1,7.0
78,79,0.01,0.05,0.05,0.01,17.5,4.15,0.01,0.0,0.01,11.5,0.0,0.62,1.48,760,2528.6,2590.6,6.0
79,80,0.01,0.05,0.05,0.01,17.5,4.15,0.01,0.0,0.01,11.5,0.0,0.62,1.48,816,2425.3,2494.2,10.0
81,82,0.02,0.05,0.05,0.01,17.0,4.07,0.69,0.0,0.01,12.3,0.0,0.16,1.58,0,2446.0,2501.1,10.0
82,83,0.02,0.05,0.05,0.01,17.0,4.07,0.69,0.0,0.01,12.3,0.0,0.16,1.58,760,,2377.1,9.0
84,85,0.0,0.05,0.05,0.01,18.0,3.6,0.5,0.0,0.01,12.0,0.0,0.02,1.9,0,2446.0,2508.0,8.0
85,86,0.0,0.05,0.05,0.01,18.0,3.6,0.5,0.0,0.01,12.0,0.0,0.02,1.9,760,2397.7,2459.7,10.0
86,87,0.0,0.05,0.05,0.01,18.0,3.6,0.5,0.0,0.01,12.0,0.0,0.02,1.9,816,,2439.1,7.0
87,88,0.01,0.05,0.05,0.01,17.2,3.95,0.01,0.0,0.01,12.2,0.0,0.23,1.78,0,2404.6,2452.8,8.0
88,89,0.01,0.05,0.05,0.01,17.2,3.95,0.01,0.0,0.01,12.2,0.0,0.23,1.78,760,2397.7,2452.8,
89,90,0.01,0.05,0.05,0.01,17.2,3.95,0.01,0.0,0.01,12.2,0.0,0.23,1.78,816,2315.0,2418.4,8.0
92,93,0.0,0.05,0.05,0.01,18.1,3.6,0.01,0.0,0.01,13.0,0.0,0.11,2.25,0,2521.7,2590.6,6.0
93,94,0.0,0.05,0.05,0.01,18.1,3.6,0.01,0.0,0.01,13.0,0.0,0.11,2.25,760,2514.9,2583.8,2.0
95,96,0.01,0.05,0.05,0.01,19.4,1.45,0.01,0.0,0.01,14.9,0.0,0.13,1.55,816,2249.6,2315.0,8.5
96,97,0.01,0.05,0.05,0.01,14.7,1.5,0.01,0.0,0.01,15.3,0.0,0.76,1.16,816,2157.3,2239.3,8.5
97,98,0.03,0.05,0.17,0.01,16.4,0.02,4.0,0.0,0.01,6.9,0.0,0.1,0.14,816,1536.5,1536.5,
98,99,0.18,0.11,0.09,0.01,17.8,0.02,4.32,0.0,0.01,8.06,0.0,0.11,0.08,816,1605.4,1639.8,13.0
100,101,0.04,0.01,0.02,12.52,8.63,2.1,0.01,0.0,0.01,0.01,0.0,1.0,0.0,996,1296.7,1357.3,14.4
101,102,0.04,0.01,0.02,12.52,8.63,2.1,0.01,0.0,0.01,0.01,0.0,1.0,0.0,927,1295.3,1357.3,14.0
102,103,0.04,0.01,0.02,12.52,8.63,2.1,0.01,0.0,0.01,0.01,0.0,1.0,0.0,927,1274.7,1336.7,15.0
103,104,0.04,0.01,0.02,12.52,8.63,2.1,0.01,0.0,0.01,0.01,0.0,1.0,0.0,996,1113.4,,17.5
104,105,0.04,0.01,0.02,12.52,8.63,2.1,0.01,0.0,0.01,0.01,0.0,1.0,0.0,996,,1190.6,17.5
105,106,0.04,0.01,0.02,12.52,8.63,2.1,0.01,0.0,0.01,0.01,0.0,1.0,0.0,996,1384.9,1489.6,13.8
106,107,0.04,0.01,0.02,12.52,8.63,2.1,0.01,0.0,0.01,0.01,0.0,1.0,0.0,996,1367.0,1493.8,14.4
107,108,0.04,0.01,0.02,12.52,8.63,2.1,0.01,0.0,0.01,0.01,0.0,1.0,0.0,927,1416.6,1554.4,13.8
109,110,0.04,0.01,0.02,12.52,8.63,2.1,0.01,0.0,0.01,0.01,0.0,1.0,0.0,927,1399.4,1546.1,10.0
110,111,0.04,0.01,0.02,12.52,8.63,2.1,0.01,0.0,0.01,0.01,0.0,1.0,0.0,927,1400.0,1548.9,13.1
111,112,0.04,0.01,0.02,12.52,8.63,2.1,0.01,0.0,0.01,0.01,0.0,1.0,0.0,927,1389.7,1542.7,13.1
112,113,0.04,0.01,0.02,12.52,8.63,2.1,0.01,0.0,0.01,0.01,0.0,1.0,0.0,927,1389.0,1546.1,13.1
113,114,0.04,0.01,0.02,12.52,8.63,2.1,0.01,0.0,0.01,0.01,0.0,1.0,0.0,996,1304.3,1466.2,16.2
114,115,0.04,0.01,0.02,12.52,8.63,2.1,0.01,0.0,0.01,0.01,0.0,1.0,0.0,996,1311.9,,
115,116,0.04,0.01,0.02,12.52,8.63,2.1,0.01,0.0,0.01,0.01,0.0,1.0,0.0,996,1320.8,1493.1,14.0
116,117,0.04,0.01,0.02,12.52,8.63,2.1,0.01,0.0,0.01,0.01,0.0,1.0,0.0,996,1295.3,1471.7,14.4
117,118,0.04,0.01,0.02,12.52,8.63,2.1,0.01,0.0,0.01,0.01,0.0,1.0,0.0,996,1285.0,1484.1,15.6
118,119,0.02,0.01,1.93,13.9,6.0,0.02,0.01,0.0,0.01,6.0,0.0,0.03,0.05,1038,,1212.6,14.0
119,120,0.02,0.01,1.82,13.9,5.1,0.02,0.01,0.0,0.01,8.9,0.0,0.02,0.04,1038,1226.4,1329.8,17.0
120,121,0.02,0.01,1.86,15.9,4.0,0.02,0.01,0.0,0.01,9.2,0.0,0.02,0.05,1038,1143.7,1350.4,17.0
121,122,0.01,0.01,1.93,15.6,4.1,0.02,0.01,0.0,0.01,10.5,0.0,0.03,0.06,1038,1185.1,1453.8,18.0
122,123,0.01,0.01,1.72,15.7,4.1,0.02,0.01,0.0,0.01,7.4,0.0,0.02,0.04,1038,1205.8,1281.5,16.0
123,124,0.02,0.01,1.92,15.5,3.9,0.02,0.01,0.0,0.01,6.0,0.0,0.04,0.07,1038,,1178.2,
124,125,0.01,0.01,1.99,17.5,2.1,0.02,0.01,0.0,0.01,11.8,0.0,0.03,0.05,1038,1088.6,1419.3,10.0
125,126,0.16,0.16,0.05,1.97,10.05,1.0,0.01,0.0,0.01,13.88,0.0,0.01,0.0,899,1666.0,1838.3,12.0
126,127,0.16,0.06,0.04,1.95,10.15,0.98,0.01,0.0,0.01,13.8,0.0,0.01,0.01,899,1658.4,1762.5,16.0
127,128,0.16,0.06,0.04,1.95,10.15,0.98,0.01,0.0,0.01,13.8,0.0,0.01,0.01,816,1672.9,1852.0,13.3
128,129,0.17,0.16,0.05,2.97,10.02,1.21,0.01,0.0,0.01,13.74,0.0,0.01,0.0,816,1625.4,1805.2,15.5
130,131,0.16,0.16,0.05,1.97,10.05,1.0,0.01,0.0,0.01,13.88,0.0,0.01,0.0,899,1553.7,1667.4,15.5
132,133,0.12,0.18,0.06,2.01,10.07,1.0,0.01,0.0,0.01,12.1,0.0,0.01,0.0,816,1451.7,1503.4,16.5
133,134,0.12,0.18,0.06,2.01,10.07,1.0,0.01,0.0,0.01,12.1,0.0,0.01,0.0,816,1415.2,1502.7,16.5
134,135,0.12,0.18,0.06,2.01,10.07,1.0,0.01,0.0,0.01,12.1,0.0,0.01,0.0,816,1512.4,1649.5,13.0
136,137,0.16,0.16,0.05,1.97,10.05,1.0,0.01,0.0,0.01,13.88,0.0,0.01,0.0,816,1555.8,1646.7,16.0
137,138,0.16,0.16,0.05,1.97,10.05,1.0,0.01,0.0,0.01,13.88,0.0,0.01,0.0,816,1529.6,1639.8,16.0
138,139,0.16,0.16,0.05,1.97,10.05,1.0,0.01,0.0,0.01,13.88,0.0,0.01,0.0,899,1553.7,1670.8,15.8
139,140,0.16,0.16,0.05,1.97,10.05,1.0,0.01,0.0,0.01,13.88,0.0,0.01,0.0,816,1575.7,1714.9,16.5
141,142,0.16,0.16,0.05,1.97,10.05,1.0,0.01,0.0,0.01,13.88,0.0,0.01,0.0,816,1635.0,1803.1,15.0
142,143,0.16,0.16,0.05,1.97,10.05,1.0,0.01,0.0,0.01,13.88,0.0,0.01,0.0,816,1626.7,1799.0,
143,144,0.15,0.16,0.06,2.01,10.08,1.22,0.01,0.0,0.01,12.15,0.0,0.01,0.0,816,1513.7,1651.5,16.0
144,145,0.15,0.16,0.06,2.01,10.08,1.22,0.01,0.0,0.01,12.15,0.0,0.01,0.0,816,1493.1,1632.9,16.0
146,147,0.15,0.16,0.05,2.97,10.06,1.0,0.01,0.0,0.01,12.05,0.0,0.01,0.0,816,1399.4,1479.3,18.0
147,148,0.15,0.16,0.05,2.97,10.06,1.0,0.01,0.0,0.01,12.05,0.0,0.01,0.0,816,1559.9,1742.5,15.5
148,149,0.17,0.16,0.05,2.97,10.02,1.21,0.01,0.0,0.01,13.74,0.0,0.01,0.0,816,,1512.4,16.0
149,150,0.17,0.16,0.05,2.97,10.02,1.21,0.01,0.0,0.01,13.74,0.0,0.01,0.0,816,1515.8,1606.7,15.0
151,152,0.17,0.16,0.05,2.97,10.02,1.21,0.01,0.0,0.01,13.74,0.0,0.01,0.0,816,1657.7,1826.5,11.0
154,155,0.16,0.06,0.04,1.95,10.15,0.98,0.01,0.0,0.01,13.8,0.0,0.01,0.01,816,1688.1,1863.1,13.8
155,156,0.24,0.01,0.01,9.1,2.8,1.3,0.37,0.0,0.01,12.4,0.0,0.03,0.03,1025,1612.3,1936.1,15.0
156,157,0.24,0.01,0.01,9.0,2.8,1.3,0.29,0.0,0.01,12.4,0.0,0.03,0.02,1025,1570.9,,16.0
157,158,0.24,0.01,0.01,9.0,2.8,1.3,0.29,0.0,0.01,12.4,0.0,0.03,0.02,1025,,1922.3,16.0
158,159,0.24,0.01,0.01,9.1,2.8,1.3,0.37,0.0,0.01,12.4,0.0,0.03,0.03,1025,1619.2,1984.3,16.0
162,163,0.35,0.01,0.01,9.0,1.5,2.0,0.3,0.0,0.01,18.0,0.0,0.03,0.02,1050,1722.5,1798.3,
163,164,0.35,0.01,0.01,9.0,1.5,2.0,0.3,0.0,0.01,18.0,0.0,0.03,0.02,1050,1736.3,,
164,165,0.35,0.01,0.01,9.0,1.5,2.0,0.3,0.0,0.01,18.0,0.0,0.03,0.02,1050,1736.3,2508.0,
165,166,0.15,0.01,0.01,9.0,4.8,1.5,0.5,0.0,0.01,13.0,0.0,0.03,0.02,1025,1412.5,1688.1,10.0
167,168,0.18,0.01,0.01,9.1,2.8,1.3,0.29,0.0,0.01,12.5,0.0,0.03,0.03,1025,1488.2,1798.3,17.0
168,169,0.11,0.01,0.01,9.2,3.7,2.0,0.5,0.0,0.01,16.7,0.0,0.03,0.03,1100,1453.8,1701.8,17.0
169,170,0.23,0.01,0.01,9.0,2.8,1.3,0.3,0.0,0.01,12.5,0.0,0.03,0.03,1025,1467.6,2018.8,17.0
171,172,0.2,0.01,0.01,8.2,2.1,1.3,0.29,0.0,0.01,12.4,0.0,0.03,0.02,1025,,1777.6,11.0
172,173,0.19,0.01,0.01,6.8,2.8,2.4,0.28,0.0,0.01,14.2,1.3,0.03,0.02,1025,,,13.0
173,174,0.21,0.01,0.6,8.2,2.6,1.3,0.29,0.0,0.01,14.2,0.0,0.03,0.02,1025,1391.8,1839.6,11.0
174,175,0.24,0.01,0.01,8.9,5.1,1.7,0.29,0.0,0.01,13.0,0.0,0.03,0.03,1025,1405.6,1825.9,16.0
176,177,0.25,0.01,0.01,9.0,6.2,1.3,0.29,0.0,0.01,12.2,0.0,0.03,0.03,1025,1405.6,1798.3,16.0
178,179,0.22,0.01,0.01,8.5,4.6,1.5,0.28,0.0,0.01,15.3,0.5,0.03,0.03,1025,1550.3,2067.0,14.0
179,180,0.22,0.01,0.01,8.5,4.6,1.5,0.28,0.0,0.01,15.3,0.5,0.03,0.03,1025,,1901.6,16.0
180,181,0.24,0.01,0.01,8.9,7.4,1.7,0.28,0.0,0.01,13.0,0.0,0.03,0.03,1025,1543.4,1791.4,16.0
181,182,0.24,0.01,0.01,8.9,7.4,1.7,0.28,0.0,0.01,13.0,0.0,0.03,0.03,1025,1605.4,2005.0,13.0
182,183,0.24,0.01,0.01,8.9,7.4,1.7,0.28,0.0,0.01,13.0,0.0,0.03,0.03,1025,1502.0,2025.7,14.0
183,184,0.24,0.01,0.01,8.9,8.7,1.5,0.28,0.0,0.01,13.0,0.0,0.03,0.02,1025,1157.5,1694.9,15.0
184,185,0.24,0.01,0.01,8.9,8.7,1.5,0.28,0.0,0.01,13.0,0.0,0.03,0.02,1025,1157.5,1825.9,14.0
185,186,0.24,0.01,0.01,8.9,8.7,1.5,0.28,0.0,0.01,13.0,0.0,0.03,0.02,1025,1612.3,1750.1,14.0
186,187,0.01,0.01,0.01,0.01,18.1,1.0,0.01,0.0,0.01,0.01,0.0,0.08,1.8,816,1736.3,1839.6,9.0
187,188,0.01,0.01,0.01,0.01,17.1,2.0,0.01,0.0,0.01,0.01,0.0,0.07,1.82,816,1874.1,1970.5,10.0
188,189,0.01,0.01,0.01,0.01,17.5,2.1,2.0,0.0,0.01,0.01,0.0,0.12,2.0,816,1998.1,2087.7,10.0
189,190,0.03,0.01,0.01,0.01,18.1,2.2,0.01,0.0,0.01,0.01,0.0,0.11,2.5,816,,2129.0,5.0
190,191,0.01,0.01,0.01,0.01,21.0,2.1,0.01,0.0,0.01,0.01,0.0,0.13,1.9,816,1660.5,1887.9,6.0
193,194,0.0,0.01,0.01,0.01,18.1,3.1,0.01,0.0,0.01,0.01,0.0,0.05,1.4,816,1715.6,1894.8,13.0
194,195,0.02,0.01,0.01,0.01,17.9,3.1,0.9,0.0,0.01,0.01,0.0,0.07,1.4,816,1729.4,1819.0,10.0
195,196,0.01,0.01,0.01,0.01,17.8,3.1,1.0,0.0,0.01,0.01,0.33,0.05,1.1,816,1688.1,1750.1,12.0
196,197,0.02,0.01,0.01,0.01,17.5,0.02,1.9,0.0,0.01,0.01,0.0,0.09,2.06,816,,1943.0,
198,199,0.02,0.01,0.01,0.01,15.3,1.4,0.01,0.0,0.01,0.01,0.0,0.12,2.1,816,1791.4,1915.4,4.0
199,200,0.02,0.01,0.01,0.01,17.9,0.3,0.01,0.0,0.01,0.01,0.0,0.1,1.95,816,1674.3,1777.6,9.0
200,201,0.02,0.01,0.01,0.01,15.7,2.0,0.01,0.0,0.01,0.01,0.0,0.1,1.98,816,1722.5,1846.5,10.0
201,202,0.01,0.02,0.01,0.01,18.2,3.06,0.01,0.0,0.01,0.01,0.0,0.09,1.26,816,1692.9,1764.5,13.0
202,203,0.01,0.03,0.01,0.01,18.11,3.07,0.01,0.0,0.01,0.01,0.0,0.09,1.41,816,1593.7,1655.7,11.0
203,204,0.01,0.02,0.01,0.01,18.2,3.06,0.01,0.0,0.01,0.01,0.0,0.09,1.26,816,1524.8,1581.3,13.0
204,205,0.01,0.02,0.01,0.01,18.2,3.06,0.01,0.0,0.01,0.01,0.0,0.09,1.26,816,1600.5,1675.6,12.0
205,206,0.01,0.02,0.01,0.01,18.2,3.06,0.01,0.0,0.01,0.01,0.0,0.09,1.26,816,,1659.1,12.0
207,208,0.01,0.03,0.01,0.01,18.11,3.07,0.01,0.0,0.01,0.01,0.0,0.09,1.41,816,1645.3,1719.7,11.0
208,209,0.22,0.01,0.01,3.03,11.17,1.18,0.01,0.0,0.01,13.89,0.0,0.03,0.01,843,1810.0,1970.0,12.2
210,211,0.03,0.01,0.01,11.2,9.61,0.02,0.01,0.0,0.01,0.01,4.0,0.39,0.26,830,1313.0,1378.0,13.4
212,213,0.03,0.01,0.01,10.7,10.3,0.02,0.01,0.0,0.01,0.01,0.0,0.21,0.31,830,1052.0,1136.0,14.6
213,214,0.03,0.01,0.01,10.7,10.3,0.02,0.01,0.0,0.01,0.01,0.0,0.21,0.31,830,1198.0,1299.0,16.3
215,216,0.03,0.01,0.01,11.2,9.61,0.02,0.01,0.0,0.01,0.01,4.0,0.39,0.26,830,1085.0,1155.0,
216,217,0.03,0.01,0.01,10.7,9.46,2.45,0.01,0.0,0.01,0.01,0.0,0.46,0.28,830,1055.0,1139.0,7.4
218,219,0.03,0.01,0.01,0.01,18.1,2.2,0.01,0.0,0.01,0.01,0.0,0.1,2.5,830,2006.0,2130.0,5.0
219,220,0.2,0.01,0.01,12.43,1.21,2.01,0.01,0.0,0.08,13.82,0.0,0.03,0.0,1038,1405.8,1854.1,20.1
220,221,0.15,0.01,0.01,14.13,0.14,4.8,0.21,0.0,0.01,13.33,0.0,0.03,0.0,1038,1430.3,1838.4,19.7
221,222,0.15,0.01,0.01,14.13,0.14,4.8,0.21,0.0,0.01,13.33,0.0,0.03,0.0,1038,1427.4,1921.8,15.4
222,223,0.2,0.01,0.01,13.82,1.13,0.99,0.01,0.0,0.09,13.74,0.0,0.03,0.0,1038,1386.2,1878.6,16.7
224,225,0.25,0.01,0.01,14.09,0.93,2.0,0.01,0.0,0.08,13.88,0.0,0.03,0.0,1038,1469.5,1878.6,5.3
227,228,0.16,0.01,0.03,13.99,1.09,4.95,0.01,0.0,0.27,13.94,0.0,0.03,0.0,927,1266.5,1650.0,23.0
228,229,0.2,0.51,0.51,12.59,1.03,1.98,0.01,0.0,0.01,15.4,0.0,0.03,0.0,1010,1309.6,1722.6,15.7
229,230,0.21,0.43,0.5,12.53,1.18,2.06,0.01,0.0,0.01,15.95,0.0,0.03,0.0,1085,1451.9,1890.4,19.1
230,231,0.19,0.01,0.5,12.53,0.95,1.48,0.01,0.0,0.01,15.02,0.0,0.03,0.0,1038,1374.4,1832.5,16.1
231,232,0.21,0.01,0.01,14.08,0.93,2.0,0.01,0.0,0.08,13.83,0.0,0.03,0.0,1038,1405.8,1869.8,14.8
232,233,0.2,0.01,0.03,14.09,0.01,1.98,0.01,0.0,0.08,16.62,0.0,0.03,0.0,1038,1361.6,1900.2,8.9
234,235,0.16,0.01,0.03,13.99,1.09,4.95,0.01,0.0,0.27,13.94,0.0,0.03,0.0,927,1072.2,1556.8,20.7
235,236,0.15,0.01,0.01,14.13,0.14,4.8,0.21,0.0,0.01,13.33,0.0,0.03,0.0,1038,1278.2,1656.9,18.2
236,237,0.19,0.02,0.49,12.56,0.94,1.96,0.01,0.0,0.01,20.1,0.0,0.03,0.0,1038,1328.3,1779.5,19.7
238,239,0.23,0.01,0.52,12.47,0.95,1.97,0.01,0.0,0.08,13.78,0.0,0.03,0.0,1038,1359.7,1809.9,7.3
239,240,0.22,0.01,1.01,12.61,0.94,1.98,0.01,0.0,0.08,13.78,0.0,0.03,0.0,1038,1364.6,1746.2,17.8
240,241,0.2,0.01,0.01,14.13,0.92,1.99,0.01,0.0,0.08,17.0,0.0,0.03,0.0,1038,1266.5,1854.1,20.7
241,242,0.22,0.01,1.01,12.61,0.94,1.98,0.01,0.0,0.08,13.78,0.0,0.03,0.0,1038,1402.8,1801.1,14.6
242,243,0.21,0.01,1.99,12.58,0.94,1.98,0.01,0.0,0.08,13.88,0.0,0.03,0.0,1038,1332.2,1782.5,18.1
243,244,0.21,0.01,1.99,12.58,0.94,1.98,0.01,0.0,0.08,13.88,0.0,0.03,0.0,1038,1376.3,1757.0,20.1
244,245,0.2,0.01,0.01,13.82,1.13,0.99,0.01,0.0,0.09,13.74,0.0,0.03,0.0,1038,1401.8,1792.3,19.5
245,246,0.2,0.01,0.3,12.46,0.95,1.97,0.01,0.0,0.08,13.75,0.0,0.03,0.0,1038,1287.1,1762.9,
250,251,0.19,0.01,0.73,12.47,0.95,1.98,0.01,0.0,0.08,13.78,0.0,0.03,0.0,1038,,,17.5
251,252,0.2,0.01,0.51,12.51,0.95,1.98,0.01,0.0,0.08,15.16,0.0,0.03,0.0,1038,1347.9,1785.4,16.3
253,254,0.21,0.43,0.5,12.53,1.18,2.06,0.01,0.0,0.01,15.95,0.0,0.03,0.0,1085,1348.9,1819.8,19.5
254,255,0.21,0.01,0.73,12.51,0.94,1.98,0.01,0.0,0.08,13.78,0.0,0.03,0.0,1038,1328.3,1735.4,16.0
255,256,0.2,0.01,0.03,14.09,0.01,1.98,0.01,0.0,0.08,16.62,0.0,0.03,0.0,1038,1354.8,1782.5,18.7
256,257,0.21,0.01,0.56,12.54,0.99,1.97,0.34,0.0,0.08,13.76,0.0,0.03,0.0,1038,1301.8,1779.5,16.1
257,258,0.2,0.01,1.5,12.63,0.94,1.98,0.01,0.0,0.08,13.83,0.0,0.03,0.0,1038,1382.2,1735.4,18.7
263,264,0.21,0.01,0.73,12.51,0.94,1.98,0.01,0.0,0.08,13.78,0.0,0.03,0.0,1038,1410.7,1783.5,15.8
264,265,0.23,0.01,0.36,12.6,0.95,1.97,0.01,0.0,0.08,12.77,0.0,0.03,0.0,1038,1302.8,1721.7,18.1
265,266,0.19,0.01,0.5,12.64,0.98,1.95,0.01,0.0,0.02,13.67,0.0,0.03,0.0,1038,1376.3,1732.4,17.7
267,268,0.2,0.51,0.51,12.59,1.03,1.98,0.01,0.0,0.01,15.4,0.0,0.03,0.0,1040,1285.1,1732.4,18.9
268,269,0.2,0.01,0.51,12.51,0.95,1.97,0.01,0.0,0.08,17.06,0.0,0.03,0.0,1038,1272.4,1746.2,17.3
269,270,0.21,0.01,0.37,12.59,0.96,1.98,0.01,0.0,0.08,13.75,0.0,0.03,0.0,1038,1375.4,1784.4,16.7
270,271,0.2,0.01,0.01,13.82,1.13,0.99,0.01,0.0,0.09,13.74,0.0,0.03,0.0,1038,1342.0,,
271,272,0.2,0.02,0.49,12.55,0.94,1.97,0.01,0.0,0.02,15.08,0.0,0.03,0.0,1038,1258.6,1738.3,16.9
272,273,0.21,0.01,0.5,12.55,0.94,1.98,0.01,0.0,0.08,13.75,0.0,0.03,0.0,1038,1421.5,1792.3,16.1
273,274,0.19,0.02,0.49,12.54,0.96,1.49,0.46,0.0,0.01,15.1,0.0,0.03,0.0,1038,1241.0,1719.7,18.5
274,275,0.21,0.43,0.5,12.53,1.18,2.06,0.01,0.0,0.01,15.95,0.0,0.03,0.0,1085,1322.4,1809.0,18.6
275,276,0.19,0.46,0.49,12.67,0.95,1.49,0.01,0.0,0.01,15.1,0.0,0.03,0.0,1038,1250.8,1737.4,18.1
276,277,0.2,0.01,0.51,12.51,0.95,1.97,0.01,0.0,0.08,17.06,0.0,0.03,0.0,1038,1335.1,1771.7,17.5
277,278,0.19,0.01,0.49,12.53,0.96,1.48,0.33,0.0,0.01,14.95,0.0,0.03,0.0,1038,1218.4,1738.3,19.3
278,279,0.2,0.51,0.51,12.59,1.03,1.98,0.01,0.0,0.01,15.4,0.0,0.03,0.0,1070,,,17.5
279,280,0.17,0.01,0.78,12.54,0.95,1.99,0.01,0.0,0.08,13.99,0.0,0.03,0.0,1038,,1727.5,17.3
280,281,0.2,0.01,0.51,12.51,0.95,1.98,0.01,0.0,0.08,15.16,0.0,0.03,0.0,1038,1280.2,1763.8,18.5
281,282,0.2,0.01,0.51,12.51,0.95,1.98,0.01,0.0,0.08,15.16,0.0,0.03,0.0,1038,1314.5,1777.6,11.2
283,284,0.2,0.01,0.01,14.13,0.92,1.99,0.01,0.0,0.08,17.0,0.0,0.03,0.0,1038,1220.4,1730.5,20.9
284,285,0.2,0.01,0.01,12.43,1.21,2.01,0.01,0.0,0.08,13.82,0.0,0.03,0.0,1038,1399.9,1765.8,16.7
285,286,0.2,0.51,0.51,12.59,1.03,1.98,0.01,0.0,0.01,15.4,0.0,0.03,0.0,1070,1346.9,1776.6,19.5
286,287,0.21,0.43,0.5,12.53,1.18,2.06,0.01,0.0,0.01,15.95,0.0,0.03,0.0,1085,1272.4,1783.5,19.7
287,288,0.19,0.01,0.01,12.61,0.99,1.98,0.01,0.0,0.07,13.79,0.0,0.03,0.0,1038,1371.4,1730.5,15.6
288,289,0.2,0.01,0.3,12.46,0.95,1.97,0.01,0.0,0.08,13.75,0.0,0.03,0.0,1038,1312.6,1777.6,10.2
291,292,0.19,0.01,0.73,12.47,0.95,1.98,0.01,0.0,0.08,13.78,0.0,0.03,0.0,1038,,,17.7
293,294,0.21,0.43,0.5,12.53,1.18,2.06,0.01,0.0,0.01,15.95,0.0,0.03,0.0,1100,1265.5,1756.0,20.1
294,295,0.2,0.01,0.01,10.53,2.49,1.98,0.01,0.0,0.1,13.67,0.0,0.03,0.0,1038,1282.2,1668.7,17.8
295,296,0.2,0.51,0.52,12.66,1.02,1.99,0.01,0.0,0.01,15.56,0.0,0.03,0.0,1100,1192.9,1726.6,18.3
296,297,0.03,0.01,0.01,12.51,8.36,2.22,0.01,0.0,0.01,0.01,0.0,1.06,0.09,927,1433.8,1509.6,17.6
297,298,0.03,0.01,0.01,12.51,8.36,2.22,0.01,0.0,0.01,0.01,0.0,1.06,0.09,927,1430.4,1515.8,16.9
298,299,0.03,0.01,0.01,12.64,8.44,2.24,0.01,0.0,0.01,0.01,0.0,1.31,0.01,927,1523.4,1576.4,13.7
299,300,0.03,0.01,0.01,12.49,8.31,2.21,0.01,0.01,0.01,0.01,0.0,1.06,0.09,927,1434.5,1517.2,16.0
300,301,0.04,0.01,0.01,12.35,8.27,2.21,0.01,0.0,0.01,0.01,0.0,1.04,0.03,927,1406.2,1471.7,17.0
301,302,0.03,0.01,0.01,12.64,8.44,2.24,0.01,0.0,0.01,0.01,0.0,1.31,0.01,927,1519.2,1568.2,13.3
302,303,0.03,0.01,0.01,12.52,8.34,2.21,0.01,0.01,0.01,0.01,0.0,1.06,0.02,927,1374.6,1449.0,
303,304,0.04,0.01,0.01,12.45,8.33,2.2,0.01,0.0,0.01,0.01,0.0,1.04,0.1,927,1466.9,1556.5,16.2
304,305,0.03,0.01,0.01,12.51,8.28,2.2,0.01,0.01,0.01,0.01,0.0,1.05,0.05,927,1402.8,1477.9,17.0
305,306,0.04,0.01,0.01,12.35,8.27,2.21,0.01,0.0,0.01,0.01,0.0,1.04,0.03,927,1400.7,1466.2,16.5
307,308,0.04,0.01,0.01,12.45,8.33,2.2,0.01,0.0,0.01,0.01,0.0,1.04,0.1,927,1463.4,1547.5,16.9
308,309,0.03,0.01,0.01,12.57,8.29,2.22,0.01,0.01,0.01,0.01,0.0,1.05,0.01,927,,1498.6,14.0
309,310,0.03,0.01,0.01,12.49,8.31,2.22,0.01,0.0,0.01,0.01,0.0,1.07,0.05,927,1464.1,1531.0,16.8
310,311,0.04,0.01,0.01,12.49,8.3,2.21,0.01,0.0,0.01,0.01,0.0,1.02,0.09,927,1451.0,1501.3,14.5
312,313,0.04,0.01,0.01,12.46,8.34,2.24,0.01,0.0,0.01,0.01,0.0,1.04,0.01,927,1420.0,1460.7,14.1
313,314,0.03,0.01,0.01,12.49,8.31,2.22,0.01,0.0,0.01,0.01,0.0,1.07,0.05,927,1453.1,,16.4
314,315,0.03,0.01,0.01,12.56,8.31,2.22,0.01,0.0,0.01,0.01,0.0,1.02,0.01,927,1392.5,1423.5,14.6
315,316,0.03,0.01,0.01,12.52,8.34,2.21,0.01,0.01,0.01,0.01,0.0,1.06,0.02,927,1393.8,1468.3,15.1
316,317,0.03,0.01,0.01,12.57,8.29,2.22,0.01,0.01,0.01,0.01,0.0,1.05,0.01,927,1411.8,1448.3,
317,318,0.04,0.01,0.01,12.46,8.34,2.24,0.01,0.0,0.01,0.01,0.0,1.04,0.01,927,1435.9,1480.0,13.6
318,319,0.04,0.01,0.01,12.49,8.3,2.21,0.01,0.0,0.01,0.01,0.0,1.02,0.09,927,1464.8,1514.4,15.1
319,320,0.04,0.01,0.01,12.51,8.32,2.22,0.01,0.0,0.01,0.01,0.0,1.06,0.05,927,1482.7,,
320,321,0.03,0.01,0.01,12.54,8.38,2.24,0.01,0.0,0.01,0.01,0.0,1.03,0.01,927,1429.7,1462.7,13.5
321,322,0.04,0.01,0.01,12.51,8.32,2.22,0.01,0.0,0.01,0.01,0.0,1.06,0.05,927,1457.2,1500.0,17.1
322,323,0.03,0.01,0.01,12.54,8.38,2.24,0.01,0.0,0.01,0.01,0.0,1.03,0.01,927,1415.9,1453.1,14.4
323,324,0.04,0.01,0.01,12.49,8.3,2.23,0.01,0.0,0.01,0.01,0.0,1.07,0.01,927,,1429.7,13.3
324,325,0.04,0.01,0.01,12.38,8.25,2.2,0.01,0.0,0.01,0.01,0.0,0.81,0.03,927,1293.3,1349.1,17.8
325,326,0.04,0.01,0.01,12.49,8.3,2.23,0.01,0.0,0.01,0.01,0.0,1.07,0.01,927,1431.7,1476.5,13.8
326,327,0.03,0.01,0.01,12.51,8.31,2.22,0.01,0.0,0.01,0.01,0.0,1.06,0.02,927,1409.7,1470.3,16.8
328,329,0.03,0.01,0.01,12.47,8.31,2.2,0.01,0.0,0.01,0.01,0.0,1.03,0.02,927,1389.7,1465.5,16.8
329,330,0.03,0.01,0.01,12.47,8.31,2.2,0.01,0.0,0.01,0.01,0.0,1.03,0.02,927,1398.7,1462.1,16.9
330,331,0.04,0.01,0.04,12.44,8.26,2.19,0.01,0.0,0.01,0.01,0.0,0.77,0.02,927,1305.0,1355.3,16.7
332,333,0.04,0.01,0.01,12.58,8.39,2.2,0.01,0.0,0.01,0.01,0.0,0.77,0.02,927,1274.0,1331.1,17.9
333,334,0.04,0.01,0.01,12.58,8.39,2.2,0.01,0.0,0.01,0.01,0.0,0.77,0.02,927,1286.4,1356.6,18.9
334,335,0.04,0.01,0.02,12.52,8.63,2.1,0.01,0.0,0.01,0.01,0.0,1.0,0.0,927,1295.3,1357.3,14.0
335,336,0.04,0.01,0.02,12.52,8.63,2.1,0.01,0.0,0.01,0.01,0.0,1.0,0.0,927,1295.3,1357.3,14.0
336,337,0.04,0.01,0.02,12.52,8.63,2.1,0.01,0.0,0.01,0.01,0.0,1.0,0.0,927,1295.3,1357.3,14.0
337,338,0.04,0.01,0.02,12.52,8.63,2.1,0.01,0.0,0.01,0.01,0.0,1.0,0.0,927,1295.3,1357.3,14.0
339,340,0.04,0.01,0.02,12.52,8.63,2.1,0.01,0.0,0.01,0.01,0.0,1.0,0.0,927,1274.7,1336.7,15.0
340,341,0.04,0.01,0.02,12.52,8.63,2.1,0.01,0.0,0.01,0.01,0.0,1.0,0.0,927,1274.7,1336.7,15.0
341,342,0.04,0.01,0.02,12.52,8.63,2.1,0.01,0.0,0.01,0.01,0.0,1.0,0.0,927,1274.7,1336.7,15.0
342,343,0.03,0.01,0.01,12.51,8.31,2.22,0.01,0.0,0.01,0.01,0.0,1.06,0.02,927,1267.8,1322.9,19.0
345,346,0.03,0.01,0.01,12.51,8.31,2.22,0.01,0.0,0.01,0.01,0.0,1.06,0.02,927,1267.8,1322.9,19.0
346,347,0.03,0.01,0.01,12.51,8.31,2.22,0.01,0.0,0.01,0.01,0.0,1.06,0.02,927,1407.6,1471.7,17.3
347,348,0.03,0.01,0.01,12.51,8.31,2.22,0.01,0.0,0.01,0.01,0.0,1.06,0.02,927,1267.8,1329.8,18.0
348,349,0.03,0.01,0.01,12.51,8.31,2.22,0.01,0.0,0.01,0.01,0.0,1.06,0.02,927,1267.8,1329.8,18.0
349,350,0.03,0.01,0.01,12.51,8.31,2.22,0.01,0.0,0.01,0.01,0.0,1.06,0.02,927,1267.8,1329.8,18.0
350,351,0.03,0.01,0.01,12.51,8.31,2.22,0.01,0.0,0.01,0.01,0.0,1.06,0.02,927,1267.8,1329.8,18.0
352,353,0.03,0.01,0.01,12.51,8.36,2.22,0.01,0.0,0.01,0.01,0.0,1.06,0.09,927,1316.0,1371.1,19.0
354,355,0.03,0.01,0.01,12.51,8.36,2.22,0.01,0.0,0.01,0.01,0.0,1.06,0.09,927,1316.0,1371.1,19.0
355,356,0.03,0.01,0.01,12.51,8.36,2.22,0.01,0.0,0.01,0.01,0.0,1.06,0.09,927,1343.6,1405.6,18.0
356,357,0.03,0.01,0.01,12.51,8.36,2.22,0.01,0.0,0.01,0.01,0.0,1.06,0.09,927,1343.6,1405.6,
357,358,0.03,0.01,0.01,12.51,8.36,2.22,0.01,0.0,0.01,0.01,0.0,1.06,0.09,927,1343.6,1405.6,18.0
358,359,0.03,0.01,0.01,12.51,8.36,2.22,0.01,0.0,0.01,0.01,0.0,1.06,0.09,927,1343.6,1405.6,18.0
359,360,0.03,0.01,0.01,12.49,8.31,2.22,0.01,0.0,0.01,0.01,0.0,1.07,0.05,927,1254.0,1295.3,19.0
361,362,0.03,0.01,0.01,12.49,8.31,2.22,0.01,0.0,0.01,0.01,0.0,1.07,0.05,927,1254.0,1295.3,19.0
362,363,0.03,0.01,0.01,12.49,8.31,2.22,0.01,0.0,0.01,0.01,0.0,1.07,0.05,927,1254.0,1295.3,
364,365,0.03,0.01,0.01,12.49,8.31,2.22,0.01,0.0,0.01,0.01,0.0,1.07,0.05,927,1309.1,1357.3,18.0
365,366,0.03,0.01,0.01,12.49,8.31,2.22,0.01,0.0,0.01,0.01,0.0,1.07,0.05,927,1309.1,1357.3,18.0
366,367,0.03,0.01,0.01,12.49,8.31,2.22,0.01,0.0,0.01,0.01,0.0,1.07,0.05,927,1309.1,1357.3,18.0
367,368,0.03,0.01,0.01,12.47,8.31,2.2,0.01,0.0,0.01,0.01,0.0,1.03,0.02,927,1247.1,1295.3,19.0
368,369,0.03,0.01,0.01,12.47,8.31,2.2,0.01,0.0,0.01,0.01,0.0,1.03,0.02,927,1247.1,1295.3,19.0
369,370,0.03,0.01,0.01,12.47,8.31,2.2,0.01,0.0,0.01,0.01,0.0,1.03,0.02,927,1247.1,1295.3,19.0
370,371,0.03,0.01,0.01,12.47,8.31,2.2,0.01,0.0,0.01,0.01,0.0,1.03,0.02,927,1247.1,1295.3,19.0
371,372,0.03,0.01,0.01,12.47,8.31,2.2,0.01,0.0,0.01,0.01,0.0,1.03,0.02,927,1247.1,1295.3,19.0
372,373,0.03,0.01,0.01,12.47,8.31,2.2,0.01,0.0,0.01,0.01,0.0,1.03,0.02,927,1247.1,1295.3,19.0
373,374,0.03,0.01,0.01,12.47,8.31,2.2,0.01,0.0,0.01,0.01,0.0,1.03,0.02,927,1247.1,1295.3,
374,375,0.03,0.01,0.01,12.47,8.31,2.2,0.01,0.0,0.01,0.01,0.0,1.03,0.02,927,1247.1,1295.3,19.0
375,376,0.04,0.01,0.01,12.45,8.33,2.2,0.01,0.0,0.01,0.01,0.0,1.04,0.1,927,1309.1,,18.0
376,377,0.04,0.01,0.01,12.45,8.33,2.2,0.01,0.0,0.01,0.01,0.0,1.04,0.1,927,,1357.3,18.0
377,378,0.04,0.01,0.01,12.45,8.33,2.2,0.01,0.0,0.01,0.01,0.0,1.04,0.1,927,1309.1,1357.3,
378,379,0.04,0.01,0.01,12.45,8.33,2.2,0.01,0.0,0.01,0.01,0.0,1.04,0.1,927,1309.1,1357.3,18.0
379,380,0.04,0.01,0.01,12.45,8.33,2.2,0.01,0.0,0.01,0.01,0.0,1.04,0.1,927,1329.8,1384.9,17.0
380,381,0.04,0.01,0.01,12.45,8.33,2.2,0.01,0.0,0.01,0.01,0.0,1.04,0.1,927,1329.8,1384.9,17.0
381,382,0.04,0.01,0.01,12.45,8.33,2.2,0.01,0.0,0.01,0.01,0.0,1.04,0.1,927,1329.8,1384.9,17.0
382,383,0.04,0.01,0.01,12.45,8.33,2.2,0.01,0.0,0.01,0.01,0.0,1.04,0.1,927,1329.8,1384.9,17.0
383,384,0.03,0.01,0.01,12.52,8.34,2.21,0.01,0.01,0.01,0.01,0.0,1.06,0.02,927,1233.3,1281.5,
384,385,0.03,0.01,0.01,12.52,8.34,2.21,0.01,0.01,0.01,0.01,0.0,1.06,0.02,927,1233.3,1281.5,16.0
385,386,0.03,0.01,0.01,12.52,8.34,2.21,0.01,0.01,0.01,0.01,0.0,1.06,0.02,927,1233.3,1281.5,16.0
387,388,0.03,0.01,0.01,12.52,8.34,2.21,0.01,0.01,0.01,0.01,0.0,1.06,0.02,927,1247.1,1302.2,17.0
388,389,0.03,0.01,0.01,12.52,8.34,2.21,0.01,0.01,0.01,0.01,0.0,1.06,0.02,927,1247.1,1302.2,17.0
389,390,0.03,0.01,0.01,12.52,8.34,2.21,0.01,0.01,0.01,0.01,0.0,1.06,0.02,927,1247.1,1302.2,17.0
390,391,0.03,0.01,0.01,12.52,8.34,2.21,0.01,0.01,0.01,0.01,0.0,1.06,0.02,927,1247.1,1302.2,17.0
391,392,0.03,0.01,0.01,12.49,8.31,2.21,0.01,0.01,0.01,0.01,0.0,1.06,0.09,927,1357.3,1398.7,17.0
392,393,0.03,0.01,0.01,12.49,8.31,2.21,0.01,0.01,0.01,0.01,0.0,1.06,0.09,927,1357.3,,
394,395,0.03,0.01,0.01,12.49,8.31,2.21,0.01,0.01,0.01,0.01,0.0,1.06,0.09,927,1357.3,1398.7,17.0
395,396,0.03,0.01,0.01,12.49,8.31,2.21,0.01,0.01,0.01,0.01,0.0,1.06,0.09,927,1309.1,1364.2,17.0
396,397,0.03,0.01,0.01,12.49,8.31,2.21,0.01,0.01,0.01,0.01,0.0,1.06,0.09,927,1309.1,1364.2,17.0
397,398,0.03,0.01,0.01,12.49,8.31,2.21,0.01,0.01,0.01,0.01,0.0,1.06,0.09,927,1309.1,1364.2,17.0
398,399,0.03,0.01,0.01,12.49,8.31,2.21,0.01,0.01,0.01,0.01,0.0,1.06,0.09,927,1309.1,1364.2,17.0
399,400,0.03,0.01,0.01,12.51,8.28,2.2,0.01,0.01,0.01,0.01,0.0,1.05,0.05,927,,1316.0,18.0
400,401,0.03,0.01,0.01,12.51,8.28,2.2,0.01,0.01,0.01,0.01,0.0,1.05,0.05,927,1267.8,1316.0,18.0
401,402,0.03,0.01,0.01,12.51,8.28,2.2,0.01,0.01,0.01,0.01,0.0,1.05,0.05,927,1267.8,1316.0,18.0
402,403,0.03,0.01,0.01,12.51,8.28,2.2,0.01,0.01,0.01,0.01,0.0,1.05,0.05,927,1267.8,1316.0,18.0
404,405,0.03,0.01,0.01,12.51,8.28,2.2,0.01,0.01,0.01,0.01,0.0,1.05,0.05,927,1254.0,1316.0,19.0
405,406,0.03,0.01,0.01,12.51,8.28,2.2,0.01,0.01,0.01,0.01,0.0,1.05,0.05,927,,1316.0,19.0
406,407,0.03,0.01,0.01,12.51,8.28,2.2,0.01,0.01,0.01,0.01,0.0,1.05,0.05,927,1254.0,,
407,408,0.04,0.01,0.01,12.35,8.27,2.21,0.01,0.0,0.01,0.01,0.0,1.04,0.03,927,1274.7,1329.8,19.0
408,409,0.04,0.01,0.01,12.35,8.27,2.21,0.01,0.0,0.01,0.01,0.0,1.04,0.03,927,1274.7,1329.8,19.0
409,410,0.04,0.01,0.01,12.35,8.27,2.21,0.01,0.0,0.01,0.01,0.0,1.04,0.03,927,1274.7,1329.8,19.0
410,411,0.04,0.01,0.01,12.35,8.27,2.21,0.01,0.0,0.01,0.01,0.0,1.04,0.03,927,1274.7,1329.8,19.0
413,414,0.04,0.01,0.01,12.35,8.27,2.21,0.01,0.0,0.01,0.01,0.0,1.04,0.03,927,1260.9,1316.0,18.0
415,416,0.04,0.01,0.01,12.46,8.34,2.24,0.01,0.0,0.01,0.01,0.0,1.04,0.01,927,1254.0,1281.5,15.0
417,418,0.04,0.01,0.01,12.46,8.34,2.24,0.01,0.0,0.01,0.01,0.0,1.04,0.01,927,1254.0,1281.5,15.0
418,419,0.04,0.01,0.01,12.46,8.34,2.24,0.01,0.0,0.01,0.01,0.0,1.04,0.01,927,1254.0,1281.5,15.0
419,420,0.04,0.01,0.01,12.49,8.3,2.23,0.01,0.0,0.01,0.01,0.0,1.07,0.01,927,1267.8,1288.4,17.0
420,421,0.04,0.01,0.01,12.49,8.3,2.23,0.01,0.0,0.01,0.01,0.0,1.07,0.01,927,1267.8,1288.4,17.0
421,422,0.04,0.01,0.01,12.49,8.3,2.23,0.01,0.0,0.01,0.01,0.0,1.07,0.01,927,1267.8,1288.4,17.0
423,424,0.04,0.01,0.01,12.49,8.3,2.23,0.01,0.0,0.01,0.01,0.0,1.07,0.01,927,1267.8,1295.3,15.0
424,425,0.04,0.01,0.01,12.49,8.3,2.23,0.01,0.0,0.01,0.01,0.0,1.07,0.01,927,1267.8,1295.3,15.0
425,426,0.04,0.01,0.01,12.49,8.3,2.23,0.01,0.0,0.01,0.01,0.0,1.07,0.01,927,1267.8,1295.3,15.0
426,427,0.04,0.01,0.01,12.49,8.3,2.23,0.01,0.0,0.01,0.01,0.0,1.07,0.01,927,1267.8,1295.3,15.0
427,428,0.04,0.01,0.01,12.51,8.32,2.22,0.01,0.0,0.01,0.01,0.0,1.06,0.05,927,1343.6,1357.3,18.1
429,430,0.04,0.01,0.01,12.51,8.32,2.22,0.01,0.0,0.01,0.01,0.0,1.06,0.05,927,1343.6,1357.3,18.1
432,433,0.04,0.01,0.01,12.51,8.32,2.22,0.01,0.0,0.01,0.01,0.0,1.06,0.05,927,1281.5,1295.3,18.1
433,434,0.04,0.01,0.01,12.51,8.32,2.22,0.01,0.0,0.01,0.01,0.0,1.06,0.05,927,1281.5,,18.1
434,435,0.04,0.01,0.01,12.51,8.32,2.22,0.01,0.0,0.01,0.01,0.0,1.06,0.05,927,1281.5,1295.3,18.1
435,436,0.04,0.01,0.01,12.49,8.3,2.21,0.01,0.0,0.01,0.01,0.0,1.02,0.09,927,1371.1,1398.7,17.0
436,437,0.04,0.01,0.01,12.49,8.3,2.21,0.01,0.0,0.01,0.01,0.0,1.02,0.09,927,1371.1,1398.7,17.0
437,438,0.04,0.01,0.01,12.49,8.3,2.21,0.01,0.0,0.01,0.01,0.0,1.02,0.09,927,1371.1,1398.7,17.0
438,439,0.04,0.01,0.01,12.49,8.3,2.21,0.01,0.0,0.01,0.01,0.0,1.02,0.09,927,1371.1,1398.7,17.0
439,440,0.04,0.01,0.01,12.49,8.3,2.21,0.01,0.0,0.01,0.01,0.0,1.02,0.09,927,,1412.5,17.0
440,441,0.04,0.01,0.01,12.49,8.3,2.21,0.01,0.0,0.01,0.01,0.0,1.02,0.09,927,1378.0,1412.5,17.0
441,442,0.04,0.01,0.01,12.49,8.3,2.21,0.01,0.0,0.01,0.01,0.0,1.02,0.09,927,1378.0,,17.0
442,443,0.04,0.01,0.01,12.49,8.3,2.21,0.01,0.0,0.01,0.01,0.0,1.02,0.09,927,1378.0,1412.5,17.0
443,444,0.03,0.01,0.01,12.54,8.38,2.24,0.01,0.0,0.01,0.01,0.0,1.03,0.01,927,1288.4,1309.1,16.0
444,445,0.03,0.01,0.01,12.54,8.38,2.24,0.01,0.0,0.01,0.01,0.0,1.03,0.01,927,1288.4,,16.0
446,447,0.03,0.01,0.01,12.54,8.38,2.24,0.01,0.0,0.01,0.01,0.0,1.03,0.01,927,1288.4,,
447,448,0.03,0.01,0.01,12.54,8.38,2.24,0.01,0.0,0.01,0.01,0.0,1.03,0.01,927,1212.6,1240.2,17.0
448,449,0.03,0.01,0.01,12.54,8.38,2.24,0.01,0.0,0.01,0.01,0.0,1.03,0.01,927,1212.6,1240.2,17.0
450,451,0.03,0.01,0.01,12.54,8.38,2.24,0.01,0.0,0.01,0.01,0.0,1.03,0.01,927,,1240.2,17.0
451,452,0.03,0.01,0.01,12.57,8.29,2.22,0.01,0.01,0.01,0.01,0.0,1.05,0.01,927,1288.4,1316.0,16.0
452,453,0.03,0.01,0.01,12.57,8.29,2.22,0.01,0.01,0.01,0.01,0.0,1.05,0.01,927,1288.4,1316.0,16.0
453,454,0.03,0.01,0.01,12.57,8.29,2.22,0.01,0.01,0.01,0.01,0.0,1.05,0.01,927,1288.4,1316.0,16.0
455,456,0.03,0.01,0.01,12.57,8.29,2.22,0.01,0.01,0.01,0.01,0.0,1.05,0.01,927,1260.9,1288.4,17.0
456,457,0.03,0.01,0.01,12.57,8.29,2.22,0.01,0.01,0.01,0.01,0.0,1.05,0.01,927,1260.9,1288.4,
457,458,0.03,0.01,0.01,12.57,8.29,2.22,0.01,0.01,0.01,0.01,0.0,1.05,0.01,927,1260.9,1288.4,17.0
462,463,0.03,0.01,0.01,12.56,8.31,2.22,0.01,0.0,0.01,0.01,0.0,1.02,0.01,927,1274.7,1295.3,16.0
463,464,0.03,0.01,0.01,12.56,8.31,2.22,0.01,0.0,0.01,0.01,0.0,1.02,0.01,927,1212.6,1240.2,
464,465,0.03,0.01,0.01,12.56,8.31,2.22,0.01,0.0,0.01,0.01,0.0,1.02,0.01,927,1212.6,,17.0
465,466,0.03,0.01,0.01,12.56,8.31,2.22,0.01,0.0,0.01,0.01,0.0,1.02,0.01,927,1212.6,1240.2,17.0
466,467,0.03,0.01,0.01,12.56,8.31,2.22,0.01,0.0,0.01,0.01,0.0,1.02,0.01,927,1212.6,1240.2,17.0
467,468,0.0,0.01,0.01,14.3,8.3,2.6,0.01,0.0,0.01,4.3,0.0,0.1,0.49,900,1357.3,1481.4,
468,469,0.0,0.01,0.01,14.3,8.3,2.6,0.01,0.0,0.01,4.3,0.0,0.1,0.49,900,1343.6,1474.5,
471,472,0.0,0.01,0.01,11.85,10.25,1.47,0.01,0.0,0.01,7.48,0.0,0.43,0.56,900,1688.1,1763.8,
473,474,0.0,0.01,0.01,11.85,10.25,1.47,0.01,0.0,0.01,7.48,0.0,0.43,0.56,900,1508.9,1584.7,
475,476,0.0,0.01,0.01,11.85,10.25,1.47,0.01,0.0,0.01,7.48,0.0,0.43,0.56,900,,1632.9,
476,477,0.0,0.01,0.01,11.85,10.25,1.47,0.01,0.0,0.01,7.48,0.0,0.43,0.56,900,1653.6,1750.1,
477,478,0.0,0.01,0.01,11.85,10.25,1.47,0.01,0.0,0.01,7.48,0.0,0.43,0.56,900,1577.8,1674.3,
479,480,0.0,0.01,0.01,11.11,10.0,1.23,0.01,0.0,0.01,7.51,0.28,0.57,0.59,900,1757.0,1846.5,
480,481,0.0,0.01,0.01,11.11,10.0,1.23,0.01,0.0,0.01,7.51,0.28,0.57,0.59,900,1743.2,1832.7,
481,482,0.0,0.01,0.01,11.11,10.0,1.23,0.01,0.0,0.01,7.51,0.28,0.57,0.59,900,1694.9,1784.5,
483,484,0.01,0.01,0.01,7.74,11.91,0.98,0.01,0.0,0.01,9.95,0.0,0.27,0.71,900,1825.9,1894.8,
484,485,0.01,0.01,0.01,7.74,11.91,0.98,0.01,0.0,0.01,9.95,0.0,0.27,0.71,900,1819.0,1887.9,
485,486,0.01,0.01,0.01,7.74,11.91,0.98,0.01,0.0,0.01,9.95,0.0,0.27,0.71,900,1853.4,1929.2,
486,487,0.01,0.01,0.01,7.74,11.91,0.98,0.01,0.0,0.01,9.95,0.0,0.27,0.71,900,1570.9,1639.8,
487,488,0.01,0.01,0.01,7.74,11.91,0.98,0.01,0.0,0.01,9.95,0.0,0.27,0.71,900,1564.0,1632.9,
488,489,0.01,0.01,0.01,7.74,11.91,0.98,0.01,0.0,0.01,9.95,0.0,0.27,0.71,900,1832.7,1915.4,
491,492,0.01,0.01,0.01,7.74,11.91,0.98,0.01,0.0,0.01,9.95,0.0,0.27,0.71,900,1812.1,1901.6,
492,493,0.01,0.01,0.01,8.14,11.95,0.02,0.01,0.0,0.01,10.48,0.0,0.39,1.11,900,1743.2,1791.4,
493,494,0.01,0.01,0.01,8.14,11.95,0.02,0.01,0.0,0.01,10.48,0.0,0.39,1.11,900,1743.2,1791.4,
494,495,0.01,0.01,0.01,8.14,11.95,0.02,0.01,0.0,0.01,10.48,0.0,0.39,1.11,900,1867.2,1922.3,
495,496,0.01,0.01,0.01,8.14,11.95,0.02,0.01,0.0,0.01,10.48,0.0,0.39,1.11,900,1750.1,1805.2,
496,497,0.01,0.01,0.01,8.14,11.95,0.02,0.01,0.0,0.01,10.48,0.0,0.39,1.11,900,,1763.8,
497,498,0.01,0.01,0.01,8.14,11.95,0.02,0.01,0.0,0.01,10.48,0.0,0.39,1.11,900,1874.1,1936.1,
498,499,0.01,0.01,0.01,8.14,11.95,0.02,0.01,0.0,0.01,10.48,0.0,0.39,1.11,900,1750.1,1812.1,
499,500,0.01,0.01,0.01,8.14,11.95,0.02,0.01,0.0,0.01,10.48,0.0,0.39,1.11,900,1743.2,1805.2,
501,502,0.01,0.01,0.01,8.14,11.95,0.02,0.01,0.0,0.01,10.48,0.0,0.39,1.11,900,1743.2,1825.9,
502,503,0.0,0.01,0.01,8.67,13.45,0.82,0.01,0.0,0.01,13.9,0.0,0.39,0.57,900,,1757.0,
503,504,0.0,0.01,0.01,8.67,13.45,0.82,0.01,0.0,0.01,13.9,0.0,0.39,0.57,900,1784.5,1929.2,
504,505,0.0,0.01,0.01,8.67,13.45,0.82,0.01,0.0,0.01,13.9,0.0,0.39,0.57,900,1763.8,1929.2,
505,506,0.01,0.01,0.01,8.84,10.81,1.19,0.41,0.0,0.01,9.24,0.0,0.43,0.57,900,1674.3,1729.4,
506,507,0.01,0.01,0.01,8.84,10.81,1.19,0.41,0.0,0.01,9.24,0.0,0.43,0.57,900,1846.5,1915.4,
509,510,0.23,0.01,0.02,3.12,11.03,1.2,0.01,0.0,0.01,13.45,0.0,0.01,0.01,885,1830.0,2029.1,15.1
510,511,0.23,0.01,0.02,3.12,11.03,1.2,0.01,0.0,0.01,13.45,0.0,0.01,0.01,885,1805.9,2015.3,13.7
511,512,0.21,0.01,0.01,3.11,11.11,1.19,0.01,0.0,0.01,13.48,0.0,0.01,0.01,885,1796.2,1992.6,13.3
513,514,0.21,0.01,0.01,3.11,11.11,1.19,0.01,0.0,0.01,13.48,0.0,0.01,0.01,885,1794.8,1991.2,13.4
514,515,0.24,0.01,0.01,3.12,11.06,1.19,0.01,0.0,0.01,13.46,0.0,0.01,0.01,885,,2014.6,15.4
515,516,0.23,0.01,0.01,3.11,11.26,1.19,0.01,0.0,0.01,13.48,0.0,0.01,0.01,885,,1951.2,15.3
516,517,0.21,0.01,0.01,3.1,11.18,1.19,0.01,0.0,0.01,13.52,0.0,0.01,0.01,885,1792.1,1993.3,15.3
517,518,0.24,0.01,0.01,3.12,11.06,1.19,0.01,0.0,0.01,13.46,0.0,0.01,0.01,885,1805.9,2007.1,16.4
519,520,0.23,0.01,0.01,3.11,11.26,1.19,0.01,0.0,0.01,13.48,0.0,0.01,0.01,885,1781.1,1958.1,15.9
521,522,0.23,0.01,0.01,3.1,11.08,1.19,0.01,0.0,0.01,13.49,0.0,0.01,0.01,885,1722.5,1916.8,15.7
523,524,0.23,0.01,0.01,3.11,11.16,1.18,0.01,0.0,0.01,13.46,0.0,0.01,0.01,885,1760.4,1949.9,13.3
524,525,0.23,0.01,0.01,3.11,11.16,1.18,0.01,0.0,0.01,13.46,0.0,0.01,0.01,885,1732.8,1941.6,16.3
525,526,0.01,0.01,0.01,0.01,18.1,1.0,0.01,0.0,0.01,0.01,0.0,0.08,1.8,816,1738.0,1841.0,9.0
526,527,0.01,0.01,0.01,0.01,17.1,2.0,0.01,0.0,0.01,0.01,0.0,0.07,1.82,816,1875.0,1972.0,10.0
528,529,0.03,0.01,0.01,0.01,18.1,2.2,0.01,0.0,0.01,0.01,0.0,0.11,2.5,816,,2130.0,5.0
529,530,0.02,0.01,0.01,0.01,17.8,0.64,0.01,0.0,0.01,0.01,0.0,0.08,2.03,816,1731.0,1855.0,10.0
530,531,0.01,0.01,0.01,0.01,17.4,1.44,0.01,0.0,0.01,0.01,0.0,0.08,1.9,816,1393.0,1641.0,12.0
531,532,0.0,0.01,0.01,0.01,18.1,3.1,0.01,0.0,0.01,0.01,0.0,0.05,1.4,816,1717.0,1772.0,13.0
532,533,0.02,0.01,0.01,0.01,17.9,3.1,0.9,0.0,0.01,0.01,0.0,0.07,1.4,816,1731.0,1820.0,10.0
533,534,0.02,0.01,0.01,0.01,17.5,0.02,1.9,0.0,0.01,0.01,0.0,0.09,2.06,816,1731.0,1944.0,6.0
534,535,0.03,0.01,0.01,0.01,17.3,0.02,1.8,0.0,2.5,0.01,0.0,0.1,1.07,816,1731.0,1772.0,8.0
535,536,0.02,0.01,0.01,0.01,15.3,1.4,0.01,0.0,0.01,0.01,0.0,0.12,2.1,816,1793.0,1917.0,4.0
536,537,0.02,0.01,0.01,0.01,17.9,0.3,0.01,0.0,0.01,0.01,0.0,0.1,1.95,816,1675.0,1779.0,9.0
537,538,0.02,0.01,0.01,0.01,15.7,2.0,0.01,0.0,0.01,0.01,0.0,0.1,1.98,816,1724.0,1848.0,10.0
538,539,0.01,0.01,0.01,0.01,21.0,2.1,0.01,0.0,0.01,0.01,0.0,0.13,1.9,816,1662.0,1889.0,6.0
540,541,0.03,0.01,0.01,0.01,18.3,5.1,0.01,0.0,0.01,6.7,0.0,0.11,0.7,816,1109.3,1281.5,18.0
541,542,0.04,0.01,0.01,0.01,18.8,6.0,0.01,0.0,0.01,8.0,0.0,0.16,0.42,816,1012.8,1198.9,6.0
542,543,0.03,0.01,0.01,0.01,18.4,4.9,0.01,0.0,0.01,7.0,0.0,0.15,1.77,816,1233.3,,24.0
543,544,0.02,0.01,0.01,0.01,18.6,5.1,0.01,0.0,0.01,6.7,0.0,0.12,0.89,816,1088.6,1226.4,21.0
544,545,0.02,0.01,0.01,0.01,18.1,4.8,0.01,0.0,0.3,6.8,0.0,0.09,0.41,816,1005.9,1109.3,
545,546,0.02,0.01,0.01,5.0,11.1,4.8,0.01,0.0,0.01,6.2,0.0,0.09,0.82,982,1047.3,1178.2,18.0
547,548,0.01,0.01,0.01,5.0,11.2,5.0,0.01,0.0,0.01,6.2,0.0,0.09,1.81,816,1164.4,1288.4,33.0
548,549,0.02,0.01,0.01,5.1,11.2,5.1,0.01,0.0,0.01,6.2,0.0,0.71,0.94,982,1074.8,1226.4,21.0
550,551,0.01,0.01,0.01,5.1,11.2,5.1,0.94,0.0,0.01,6.3,0.0,0.09,0.78,816,1033.5,1150.6,27.0
552,553,0.02,0.01,0.01,5.1,11.2,5.1,0.49,0.0,0.01,6.3,0.0,0.41,0.74,816,1116.2,1205.8,26.0
553,554,0.02,0.01,0.01,5.1,11.2,5.1,0.49,0.0,0.01,6.3,0.0,0.41,0.74,982,1157.5,1295.3,19.0
555,556,0.01,0.01,0.01,0.01,17.0,4.8,0.34,0.0,0.01,8.7,0.0,0.39,0.67,1066,1302.2,1412.5,20.0
557,558,0.01,0.01,0.01,0.01,17.0,4.8,0.34,0.0,0.01,8.7,0.0,0.39,0.67,899,1302.2,1453.8,21.0
558,559,0.01,0.01,0.01,0.01,17.0,4.8,0.34,0.0,0.01,8.7,0.0,0.39,0.67,982,1281.5,1433.1,20.0
559,560,0.01,0.01,0.01,0.01,17.0,4.8,0.34,0.0,0.01,8.7,0.0,0.39,0.67,982,1281.5,1433.1,20.0
560,561,0.01,0.01,0.01,0.01,17.0,4.8,0.34,0.0,0.01,8.7,0.0,0.39,0.67,816,,1405.6,18.0
561,562,0.01,0.01,0.01,0.01,18.5,4.8,0.43,0.0,0.01,8.7,0.0,0.95,0.72,982,1288.4,1453.8,20.0
562,563,0.01,0.01,0.01,0.01,18.5,4.7,0.01,0.0,0.01,8.8,0.0,1.02,0.71,982,1309.1,1495.1,19.0
563,564,0.02,0.01,0.01,0.01,14.9,4.8,0.26,0.0,0.01,8.7,0.0,0.36,0.71,982,1164.4,1260.9,24.0
564,565,0.02,0.01,0.01,0.01,13.0,5.0,0.47,0.0,0.01,8.9,0.0,0.2,0.71,982,1061.1,1198.9,
566,567,0.01,0.01,0.01,0.01,15.2,5.1,0.01,0.0,0.01,9.2,0.0,0.9,0.7,982,1936.1,2067.0,6.0
567,568,0.01,0.01,0.01,0.01,15.2,5.1,0.01,0.0,0.01,9.2,0.0,0.9,0.7,982,1729.4,1874.1,8.0
569,570,0.01,0.01,0.01,0.01,15.2,5.1,0.01,0.0,0.01,9.2,0.0,0.9,0.7,982,1281.5,1398.7,16.0
570,571,0.01,0.01,0.01,0.01,15.2,5.1,0.01,0.0,0.01,9.2,0.0,0.9,0.7,982,1281.5,1398.7,16.0
571,572,0.01,0.01,0.01,0.01,15.2,5.1,0.01,0.0,0.01,9.2,0.0,0.9,0.7,982,1281.5,1398.7,16.0
572,573,0.01,0.01,0.01,0.01,15.2,5.1,0.01,0.0,0.01,9.2,0.0,0.9,0.7,982,1281.5,1398.7,16.0
573,574,0.01,0.01,0.01,0.01,15.2,5.1,0.01,0.0,0.01,9.2,0.0,0.9,0.7,982,1281.5,1398.7,16.0
574,575,0.01,0.01,0.01,0.01,15.2,5.1,0.01,0.0,0.01,9.2,0.0,0.9,0.7,982,1281.5,1398.7,16.0
575,576,0.01,0.01,0.01,0.01,15.2,5.1,0.01,0.0,0.01,9.2,0.0,0.9,0.7,982,1281.5,,
576,577,0.01,0.01,0.01,0.01,15.2,5.1,0.01,0.0,0.01,9.2,0.0,0.9,0.7,982,1281.5,1398.7,16.0
577,578,0.01,0.01,0.01,0.01,15.2,5.1,0.01,0.0,0.01,9.2,0.0,0.9,0.7,982,1281.5,1398.7,16.0
579,580,0.01,0.01,0.01,0.01,15.2,5.1,0.01,0.0,0.01,9.2,0.0,0.9,0.7,982,1281.5,1398.7,16.0
580,581,0.01,0.01,0.01,0.01,15.2,5.1,0.01,0.0,0.01,9.2,0.0,0.9,0.7,982,1502.0,1660.5,10.0
581,582,0.01,0.01,0.01,0.01,15.2,5.1,0.01,0.0,0.01,9.2,0.0,0.9,0.7,982,,1591.6,12.0
582,583,0.04,0.01,0.01,0.01,15.0,5.0,0.01,0.0,0.2,8.8,0.0,0.5,0.24,982,1019.7,1157.5,15.0
583,584,0.03,0.01,0.01,0.01,15.0,5.0,0.01,0.0,0.2,8.8,0.0,0.98,0.26,982,1026.6,1164.4,35.0
585,586,0.1,0.5,0.3,12.0,2.0,0.02,0.01,0.0,0.01,5.0,6.0,0.03,0.0,1050,1269.0,1483.0,14.5
586,587,0.1,0.5,0.3,12.0,2.0,0.02,0.01,0.0,0.01,5.0,6.0,0.03,0.0,1050,1232.0,1490.7,15.5
587,588,0.1,0.5,0.3,12.0,2.0,0.02,0.01,0.0,0.01,5.0,6.0,0.03,0.0,1050,1342.9,1661.7,18.0
589,590,0.1,0.53,0.26,12.32,0.01,0.02,0.01,0.03,0.01,9.75,6.0,0.03,0.0,1050,1232.0,1566.2,14.7
590,591,0.1,0.62,0.37,12.19,0.01,6.15,0.01,0.03,0.01,10.2,0.0,0.03,0.0,1050,1258.2,1650.9,12.0
591,592,0.1,0.62,0.37,12.2,0.01,6.15,0.01,0.03,0.01,10.2,0.0,0.03,0.0,1050,1258.2,1650.9,12.0
592,593,0.1,0.5,0.3,12.0,2.0,0.02,0.01,0.0,0.01,5.0,6.0,0.03,0.0,1050,1099.6,1444.5,14.5
593,594,0.11,0.58,0.22,11.89,0.01,3.88,0.01,0.02,0.01,10.2,0.0,0.03,0.0,1050,1096.5,1492.3,14.5
596,597,0.09,0.63,0.37,12.3,0.01,3.97,0.01,0.04,0.01,15.2,0.0,0.03,0.0,1050,1131.9,1595.4,13.4
597,598,0.1,0.57,0.24,12.19,0.01,8.9,0.01,0.02,0.01,15.2,0.0,0.03,0.0,1050,1228.9,1795.6,2.0
598,599,0.04,0.55,0.27,12.29,0.01,5.85,0.01,0.03,0.01,15.0,0.0,0.03,0.0,1050,1287.4,1891.1,11.0
599,600,0.09,0.66,0.27,12.28,0.01,0.02,0.01,0.03,0.01,14.8,8.0,0.03,0.0,1050,1081.1,1678.6,5.8
600,601,0.1,0.51,0.32,12.0,0.01,6.3,0.01,0.04,0.01,14.6,0.0,0.03,0.0,1050,1155.0,1848.0,13.4
601,602,0.07,0.57,0.32,11.76,0.01,6.32,0.01,0.05,0.01,15.2,0.0,0.03,0.0,1050,1133.4,1931.2,13.4
602,603,0.11,0.68,0.25,11.9,2.38,1.76,0.33,0.02,0.01,0.01,0.0,0.03,0.0,1050,1021.0,1128.8,23.6
603,604,0.15,0.01,0.01,14.5,0.01,5.0,0.01,0.0,0.01,13.5,0.0,0.05,0.0,1093,,1949.9,18.0
605,606,0.15,0.01,0.01,14.5,0.01,5.0,0.01,0.0,0.01,13.5,0.0,0.05,0.0,982,1508.9,1777.6,16.0
606,607,0.15,0.01,0.01,14.5,0.01,5.0,0.01,0.0,0.01,13.5,0.0,0.05,0.0,982,1481.4,1757.0,
607,608,0.15,0.01,0.01,14.5,0.01,5.0,0.01,0.0,0.01,13.5,0.0,0.05,0.0,982,1481.4,1763.8,16.0
608,609,0.15,0.01,0.01,14.5,0.01,5.0,0.01,0.0,0.01,13.5,0.0,0.05,0.0,1038,1508.9,1819.0,10.0
609,610,0.15,0.01,0.01,14.5,0.01,5.0,0.01,0.0,0.01,13.5,0.0,0.05,0.0,1038,1460.7,,
610,611,0.15,0.01,0.01,14.5,0.01,5.0,0.01,0.0,0.01,13.5,0.0,0.05,0.0,1038,1446.9,1791.4,
611,612,0.15,0.01,0.01,14.5,0.01,5.0,0.01,0.0,0.01,13.5,0.0,0.05,0.0,982,1371.1,1708.7,14.0
612,613,0.15,0.01,0.01,14.5,0.01,5.0,0.01,0.0,0.01,13.5,0.0,0.05,0.0,1038,1433.1,1791.4,11.0
613,614,0.15,0.01,0.01,14.5,0.01,5.0,0.01,0.0,0.01,13.5,0.0,0.05,0.0,1093,1378.0,1743.2,21.0
614,615,0.15,0.01,0.01,14.5,0.01,5.0,0.01,0.0,0.01,13.5,0.0,0.05,0.0,1038,1350.4,1708.7,19.0
615,616,0.15,0.01,0.01,14.5,0.01,5.0,0.01,0.0,0.01,13.5,0.0,0.05,0.0,1038,1288.4,1632.9,11.0
617,618,0.15,0.01,0.01,14.5,0.01,5.0,0.01,0.0,0.01,13.5,0.0,0.05,0.0,1093,1446.9,1846.5,20.0
618,619,0.15,0.01,0.01,14.5,0.01,5.0,0.01,0.0,0.01,13.5,0.0,0.05,0.0,982,1157.5,1481.4,11.0
620,621,0.15,0.01,0.01,14.5,0.01,5.0,0.01,0.0,0.01,13.5,0.0,0.05,0.0,982,1343.6,1722.5,
621,622,0.15,0.01,0.01,14.5,0.01,5.0,0.01,0.0,0.01,13.5,0.0,0.05,0.0,1093,1446.9,1860.3,
623,624,0.15,0.01,0.01,14.5,0.01,5.0,0.01,0.0,0.01,13.5,0.0,0.05,0.0,1038,1433.1,1853.4,16.0
624,625,0.15,0.01,0.01,14.5,0.01,5.0,0.01,0.0,0.01,13.5,0.0,0.05,0.0,982,1267.8,1646.7,15.0
625,626,0.15,0.01,0.01,14.5,0.01,5.0,0.01,0.0,0.01,13.5,0.0,0.05,0.0,1038,1254.0,1632.9,11.0
626,627,0.15,0.01,0.01,14.5,0.01,5.0,0.01,0.0,0.01,13.5,0.0,0.05,0.0,1093,1130.0,1474.5,15.0
627,628,0.15,0.01,0.01,14.5,0.01,5.0,0.01,0.0,0.01,13.5,0.0,0.05,0.0,1093,1371.1,1798.3,14.0
628,629,0.15,0.01,0.01,14.5,0.01,5.0,0.01,0.0,0.01,13.5,0.0,0.05,0.0,1093,1226.4,1619.2,15.0
630,631,0.15,0.01,0.01,14.5,0.01,5.0,0.01,0.0,0.01,13.5,0.0,0.05,0.0,1093,1605.4,2135.9,12.0
631,632,0.15,0.01,0.01,14.5,0.01,5.0,0.01,0.0,0.01,13.5,0.0,0.05,0.0,1093,,1688.1,22.0
632,633,0.15,0.01,0.01,14.5,0.01,5.0,0.01,0.0,0.01,13.5,0.0,0.05,0.0,1093,1481.4,1998.1,
633,634,0.15,0.01,0.01,14.5,0.01,5.0,0.01,0.0,0.01,13.5,0.0,0.05,0.0,1093,,1846.5,10.0
634,635,0.15,0.01,0.01,14.5,0.01,5.0,0.01,0.0,0.01,13.5,0.0,0.05,0.0,1093,1467.6,1991.2,13.0
637,638,0.15,0.01,0.01,14.5,0.01,5.0,0.01,0.0,0.01,13.5,0.0,0.05,0.0,982,1378.0,1894.8,13.0
639,640,0.15,0.01,0.01,14.5,0.01,5.0,0.01,0.0,0.01,13.5,0.0,0.05,0.0,1038,1192.0,1667.4,10.0
640,641,0.15,0.01,0.01,14.5,0.01,5.0,0.01,0.0,0.01,13.5,0.0,0.05,0.0,1093,1412.5,1984.3,12.0
641,642,0.15,0.01,0.01,14.5,0.01,5.0,0.01,0.0,0.01,13.5,0.0,0.05,0.0,1093,1178.2,1777.6,22.0
642,643,0.15,0.01,0.01,14.5,0.01,5.0,0.01,0.0,0.01,13.5,0.0,0.05,0.0,1038,1047.3,1619.2,11.0
643,644,0.15,0.01,0.01,14.5,0.01,5.0,0.01,0.0,0.01,13.5,0.0,0.05,0.0,1093,1240.2,1949.9,18.0
644,645,0.15,0.01,0.01,14.5,0.01,5.0,0.01,0.0,0.01,13.5,0.0,0.05,0.0,1038,1005.9,1612.3,12.0
645,646,0.15,0.01,0.01,14.5,0.01,5.0,0.01,0.0,0.01,13.5,0.0,0.05,0.0,1093,1254.0,2053.2,12.0
646,647,0.15,0.01,0.01,14.5,0.01,5.0,0.01,0.0,0.01,13.5,0.0,0.05,0.0,1093,1178.2,1936.1,16.0
647,648,0.15,0.01,0.01,14.5,0.01,5.0,0.01,0.0,0.01,13.5,0.0,0.05,0.0,1093,1219.5,2025.7,16.0
648,649,0.15,0.01,0.01,14.5,0.01,5.0,0.01,0.0,0.01,13.5,0.0,0.05,0.0,1093,1584.7,,
649,650,0.15,0.01,0.01,14.5,0.01,5.0,0.01,0.0,0.01,13.5,0.0,0.05,0.0,1093,1171.3,1956.8,16.0
652,653,0.15,0.01,0.01,14.5,0.01,5.0,0.01,0.0,0.01,13.5,0.0,0.05,0.0,1038,1550.3,1853.4,7.0
653,654,0.15,0.01,0.01,14.5,0.01,5.0,0.01,0.0,0.01,13.5,0.0,0.05,0.0,1038,1405.6,1736.3,10.0
654,655,0.15,0.01,0.01,14.5,0.01,5.0,0.01,0.0,0.01,13.5,0.0,0.05,0.0,1038,1130.0,1626.0,6.0
656,657,0.01,0.01,0.03,7.93,10.02,0.2,0.0,0.01,0.0,8.14,2.29,0.2,0.49,900,1180.0,1250.0,12.0
657,658,0.01,0.04,0.04,9.9,6.99,2.75,0.0,0.0,0.0,8.02,2.43,1.8,0.0,825,1710.0,1750.0,12.0
659,660,0.01,0.04,0.04,9.9,6.99,2.75,0.0,0.0,0.0,8.02,2.43,1.8,0.0,870,1826.0,1920.0,4.32
660,661,0.01,0.04,0.04,9.9,6.99,2.75,0.0,0.0,0.0,8.02,2.43,1.8,0.0,960,1853.0,2009.0,6.03
661,662,0.01,0.04,0.04,9.9,6.99,2.75,0.0,0.0,0.0,8.02,2.43,1.8,0.0,825,1762.0,1855.0,8.2
662,663,0.01,0.04,0.04,9.9,6.99,2.75,0.0,0.0,0.0,8.02,2.43,1.8,0.0,870,1347.0,1514.0,
663,664,0.01,0.04,0.04,9.9,6.99,2.75,0.0,0.0,0.0,8.02,2.43,1.8,0.0,960,1390.0,1575.0,
664,665,0.01,0.04,0.04,9.9,6.99,2.75,0.0,0.0,0.0,8.02,2.43,1.8,0.0,825,1323.0,1462.0,
665,666,0.01,0.04,0.04,9.9,6.99,2.75,0.0,0.0,0.0,8.02,2.43,1.8,0.0,825,1327.0,1477.0,
666,667,0.01,0.04,0.04,9.9,6.99,2.75,0.0,0.0,0.0,8.02,2.43,1.8,0.0,825,1960.0,1995.0,2.0
667,668,0.01,0.04,0.04,9.9,6.99,2.75,0.0,0.0,0.0,8.02,2.43,1.8,0.0,825,1315.0,,
668,669,0.01,0.04,0.04,9.9,6.99,2.75,0.0,0.0,0.0,8.02,2.43,1.8,0.0,825,1928.0,2012.0,3.86
669,670,0.01,0.04,0.04,9.9,6.99,2.75,0.0,0.0,0.0,8.02,2.43,1.8,0.0,870,2027.0,2087.0,1.3
670,671,0.01,0.04,0.04,9.9,6.99,2.75,0.0,0.0,0.0,8.02,2.43,1.8,0.0,870,2099.0,2109.0,3.35
671,672,0.01,0.04,0.04,9.9,6.99,2.75,0.0,0.0,0.0,8.02,2.43,1.8,0.0,960,2102.0,2165.0,1.6
672,673,0.29,0.01,0.01,1.02,10.46,2.0,0.1,0.0,0.01,7.17,1.28,0.03,0.01,1026,1683.0,1990.0,14.0
673,674,0.01,0.01,0.01,10.12,7.01,5.48,0.01,0.0,0.01,10.05,0.0,0.03,0.0,927,1584.7,1692.9,13.4
674,675,0.01,0.01,0.01,10.12,7.01,5.48,0.01,0.0,0.01,10.05,0.0,0.03,0.0,927,,,13.2
675,676,0.01,0.01,0.01,10.12,7.01,5.48,0.01,0.0,0.01,10.05,0.0,0.03,0.0,927,1535.1,1745.9,14.1
676,677,0.01,0.01,0.01,10.12,7.01,5.48,0.01,0.0,0.01,10.05,0.0,0.03,0.0,927,1475.8,1720.4,14.7
677,678,0.0,0.01,0.01,10.09,6.98,5.48,0.01,0.01,0.01,10.96,0.0,0.03,0.0,927,1424.9,1690.1,13.4
678,679,0.0,0.01,0.01,10.09,6.98,5.48,0.01,0.01,0.01,10.96,0.0,0.03,0.0,927,1322.9,1590.2,9.3
680,681,0.01,0.01,0.01,10.12,7.01,5.48,0.01,0.0,0.01,10.05,0.0,0.03,0.0,927,1322.9,1626.0,15.5
681,682,0.32,0.23,0.01,6.61,0.01,5.75,0.92,0.0,0.01,4.9,0.0,0.03,0.0,1149,1681.2,1984.3,8.0
682,683,0.39,0.22,0.01,6.99,0.01,5.75,1.08,0.0,0.01,4.9,0.0,0.03,0.0,1149,1688.1,1998.1,8.0
683,684,0.43,0.21,0.01,7.14,0.01,5.62,1.02,0.0,0.01,4.99,0.0,0.03,0.0,1149,1736.3,2039.4,6.0
684,685,0.36,0.22,0.01,6.75,0.01,5.75,0.96,0.0,0.01,9.46,0.0,0.03,0.0,1149,1846.5,2177.2,6.0
685,686,0.35,0.23,0.01,7.15,0.01,5.78,1.02,0.0,0.01,4.9,1.54,0.03,0.0,1149,1688.1,,
686,687,0.36,0.23,0.01,6.55,0.01,5.75,0.86,0.0,0.41,5.1,0.0,0.03,0.0,1149,1653.6,1963.7,6.0
688,689,0.37,0.23,0.01,7.19,0.01,5.71,1.1,0.0,0.78,4.99,0.0,0.03,0.0,1149,1012.8,1295.3,12.0
691,692,0.38,0.18,0.01,7.27,0.01,3.77,0.96,0.0,0.01,4.9,0.0,0.03,0.0,1149,1722.5,1998.1,5.0
693,694,0.38,0.18,0.01,7.43,0.01,9.67,0.96,0.0,0.01,4.91,0.0,0.03,0.0,1149,1577.8,1943.0,3.0
696,697,0.37,0.17,0.01,5.2,0.01,5.84,1.05,0.0,0.91,4.88,0.0,0.03,0.0,1149,1860.3,2156.6,3.0
697,698,0.4,0.18,0.01,9.69,0.01,5.84,0.96,0.0,0.01,4.87,0.0,0.03,0.0,1149,1798.3,2135.9,6.0
698,699,0.4,0.16,0.01,12.14,0.01,5.84,0.96,0.0,0.01,4.92,0.0,0.03,0.0,1149,1667.4,2122.1,4.0
699,700,0.36,0.17,0.01,7.11,0.01,0.25,1.08,0.0,0.01,5.03,9.18,0.03,0.0,1149,1681.2,2032.6,2.0
700,701,0.01,0.01,0.01,0.01,14.8,2.5,0.01,0.0,0.01,15.0,0.0,0.03,1.8,815,,2068.4,8.0
701,702,0.01,0.01,0.01,0.01,15.0,6.02,0.01,0.0,0.01,14.8,0.0,0.03,0.62,815,1908.5,2023.6,6.0
702,703,0.01,0.01,0.01,0.01,14.9,3.15,0.01,0.0,0.01,15.3,0.0,0.03,0.7,815,1750.1,1812.8,5.0
704,705,0.01,0.01,0.01,0.01,14.6,3.1,0.01,0.0,0.01,15.4,0.0,0.03,0.12,815,1506.8,1541.3,14.0
705,706,0.02,0.01,0.01,0.01,14.7,0.02,0.01,0.0,0.01,15.5,0.0,0.03,0.43,815,1106.5,1134.1,18.0
706,707,0.02,0.01,0.01,0.01,14.7,0.02,0.01,0.0,0.01,15.5,0.0,0.03,0.43,815,1183.0,1218.2,15.0
707,708,0.02,0.01,0.01,0.01,14.5,0.92,0.01,0.0,0.01,15.4,0.0,0.03,0.41,815,1039.0,1066.6,14.0
708,709,0.02,0.01,0.01,0.01,14.5,0.92,0.01,0.0,0.01,15.4,0.0,0.03,0.41,815,1285.7,1320.1,15.0
709,710,0.02,0.01,0.01,0.01,14.5,0.92,0.01,0.0,0.01,15.4,0.0,0.03,0.41,815,1300.8,1351.1,14.0
710,711,0.02,0.01,0.01,0.01,14.5,0.92,0.01,0.0,0.01,15.4,0.0,0.03,0.41,815,1222.3,1351.1,16.0
711,712,0.01,0.01,0.01,0.01,14.8,2.5,0.01,0.0,0.01,15.0,0.0,0.03,1.8,815,1777.6,1866.5,8.0
712,713,0.01,0.01,0.01,0.01,14.8,2.5,0.01,0.0,0.01,15.0,0.0,0.03,1.8,815,1574.4,1684.6,10.0
713,714,0.01,0.01,0.01,0.01,14.8,2.5,0.01,0.0,0.01,15.0,0.0,0.03,1.8,815,,,11.0
714,715,0.01,0.01,0.01,0.01,14.8,2.5,0.01,0.0,0.01,15.0,0.0,0.03,1.8,815,,1333.9,16.0
715,716,0.01,0.01,0.01,0.01,14.6,3.1,0.01,0.0,0.01,15.4,0.0,0.03,0.12,815,1368.4,1424.2,
716,717,0.01,0.01,0.01,0.01,14.6,3.1,0.01,0.0,0.01,15.4,0.0,0.03,0.12,815,1169.2,1258.1,16.0
717,718,0.01,0.01,0.01,0.01,14.6,3.1,0.01,0.0,0.01,15.4,0.0,0.03,0.12,815,1023.9,1102.4,17.0
718,719,0.01,0.01,0.01,0.01,14.9,3.15,0.01,0.0,0.01,15.3,0.0,0.03,0.7,815,1772.8,1800.4,11.0
719,720,0.01,0.01,0.01,0.01,14.9,3.15,0.01,0.0,0.01,15.3,0.0,0.03,0.7,815,1670.8,1719.1,11.0
720,721,0.01,0.01,0.01,0.01,14.9,3.15,0.01,0.0,0.01,15.3,0.0,0.03,0.7,815,1626.7,1691.5,13.0
721,722,0.01,0.01,0.01,0.01,14.9,3.15,0.01,0.0,0.01,15.3,0.0,0.03,0.7,815,1526.1,1610.2,14.0
722,723,0.01,0.01,0.01,0.01,15.1,5.1,0.01,0.0,0.01,15.3,0.0,0.03,0.2,815,1867.2,1927.1,11.0
723,724,0.01,0.01,0.01,0.01,15.1,5.1,0.01,0.0,0.01,15.3,0.0,0.03,0.2,815,2043.6,2112.5,9.0
724,725,0.01,0.01,0.01,0.01,15.1,5.1,0.01,0.0,0.01,15.3,0.0,0.03,0.2,815,1269.8,1371.1,14.0
725,726,0.01,0.01,0.01,0.01,15.1,5.1,0.01,0.0,0.01,15.3,0.0,0.03,0.2,815,1424.9,1548.2,15.0
726,727,0.01,0.01,0.01,0.01,15.1,5.1,0.01,0.0,0.01,15.3,0.0,0.03,0.2,815,1119.6,,18.0
727,728,0.01,0.01,0.01,0.01,15.1,5.1,0.01,0.0,0.01,15.3,0.0,0.03,0.2,815,1719.1,1774.9,13.0
728,729,0.01,0.01,0.01,0.01,15.0,6.02,0.01,0.0,0.01,14.8,0.0,0.03,0.62,815,2244.1,2319.9,4.0
729,730,0.01,0.01,0.01,0.01,15.0,6.02,0.01,0.0,0.01,14.8,0.0,0.03,0.62,815,,,8.0
730,731,0.01,0.01,0.01,0.01,15.0,6.02,0.01,0.0,0.01,14.8,0.0,0.03,0.62,815,1510.3,1661.2,11.0
732,733,0.01,0.01,0.01,0.01,15.0,6.02,0.01,0.0,0.01,14.8,0.0,0.03,0.62,815,1018.3,,19.0
733,734,0.1,3.0,0.3,17.0,4.2,0.02,0.01,0.0,0.01,0.01,0.0,0.03,0.0,925,1130.4,1350.6,30.5
734,735,0.09,2.8,0.32,17.48,4.44,0.02,0.01,0.0,0.01,0.01,0.0,0.9,0.0,950,1259.7,1444.5,12.8
736,737,0.09,2.8,0.32,17.48,4.44,0.02,0.01,0.0,0.01,0.01,0.0,0.9,0.0,1050,1313.6,1404.5,
737,738,0.09,2.16,0.18,16.92,4.26,1.04,0.01,0.0,0.01,0.01,0.0,0.03,0.0,950,1028.7,1315.2,18.0
738,739,0.14,3.0,0.24,15.69,4.14,0.02,0.01,0.0,0.01,0.01,0.0,0.03,0.0,925,1201.2,1441.4,19.0
739,740,0.14,3.0,0.24,15.69,4.14,0.02,0.01,0.0,0.01,0.01,0.0,0.03,0.0,950,1105.7,1278.2,15.3
740,741,0.09,0.5,0.28,17.12,4.18,2.02,0.01,0.0,0.01,2.02,0.0,0.03,0.0,1050,1150.4,1336.7,22.5
742,743,0.06,2.09,0.32,16.42,5.14,1.51,0.01,0.0,0.01,2.03,0.0,0.88,0.0,950,1241.2,1510.7,21.0
744,745,0.06,2.09,0.32,16.42,5.14,1.51,0.01,0.0,0.01,2.03,0.0,0.88,0.0,1050,1284.4,1395.2,1.9
745,746,0.06,2.09,0.32,16.42,5.14,1.51,0.01,0.0,0.01,2.03,0.0,0.88,0.0,1050,,,2.9
746,747,0.06,2.09,0.32,16.42,5.14,1.51,0.01,0.0,0.01,2.03,0.0,0.88,0.0,1050,1349.0,1487.6,3.6
747,748,0.06,2.09,0.32,16.42,5.14,1.51,0.01,0.0,0.01,2.03,0.0,0.88,0.0,1050,1299.8,1386.0,7.9
748,749,0.06,2.09,0.32,16.42,5.14,1.51,0.01,0.0,0.01,2.03,0.0,0.88,0.0,1050,1327.5,1421.4,1.2
749,750,0.06,2.09,0.32,16.42,5.14,1.51,0.01,0.0,0.01,2.03,0.0,0.88,0.0,1050,1248.9,,15.3
750,751,0.06,2.09,0.32,16.42,5.14,1.51,0.01,0.0,0.01,2.03,0.0,0.88,0.0,1050,1068.8,1171.9,18.2
752,753,0.13,1.0,0.25,15.5,4.2,2.75,0.01,0.1,0.01,0.01,0.0,0.03,0.0,950,1247.4,1478.4,18.0
753,754,0.13,1.0,0.25,15.5,4.2,2.75,0.01,0.1,0.01,0.01,0.0,0.03,0.0,950,1062.6,1339.8,10.0
754,755,0.03,0.6,0.3,14.5,8.5,2.5,0.01,0.0,0.01,0.01,0.0,1.2,0.0,930,1478.4,1617.0,5.0
755,756,0.07,0.6,0.3,15.0,7.0,2.25,0.01,0.0,0.01,0.01,0.0,1.2,0.0,950,1540.0,1663.2,6.0
756,757,0.07,0.6,0.3,15.0,7.0,2.25,0.01,0.0,0.01,0.01,0.0,1.2,0.0,1050,1386.0,1447.6,7.0
757,758,0.07,0.6,0.3,17.0,7.0,0.02,0.01,0.0,0.01,0.01,0.0,1.2,0.0,1040,1386.0,1478.4,9.0
758,759,0.07,0.6,0.3,17.0,7.0,0.02,0.01,0.0,0.01,0.01,0.0,1.2,0.0,1040,1339.8,1416.8,9.0
760,761,0.01,0.06,0.08,4.72,10.1,3.13,0.01,0.0,0.01,0.01,0.0,0.25,0.23,816,1172.0,1198.2,16.0
761,762,0.02,0.07,0.1,4.83,10.2,3.2,0.01,0.0,0.01,0.01,0.0,0.52,0.24,816,1304.3,1338.7,14.0
762,763,0.02,0.07,0.11,4.7,10.2,3.1,0.01,0.0,0.01,0.01,0.0,0.7,0.22,816,1420.0,1455.9,12.0
764,765,0.01,0.08,0.12,8.9,8.35,3.25,0.01,0.0,0.01,0.01,0.0,0.25,0.2,816,1169.2,1181.6,18.0
765,766,0.01,0.08,0.12,9.0,8.5,3.25,0.01,0.0,0.01,0.01,0.0,0.9,0.23,816,1462.7,1533.0,12.0
767,768,0.01,0.06,0.05,7.8,10.2,3.2,0.01,0.0,0.01,0.01,0.0,0.06,0.1,816,1036.9,1054.9,19.0
768,769,0.0,0.07,0.08,7.5,10.5,3.3,0.01,0.0,0.01,0.01,0.0,0.21,0.23,816,,1279.5,
770,771,0.01,0.05,0.1,7.7,10.4,3.07,0.01,0.0,0.01,0.01,0.0,0.67,0.2,816,1475.8,1529.6,16.0
771,772,0.02,0.06,0.08,7.4,10.3,3.25,0.01,0.0,0.01,0.01,0.0,0.91,0.23,816,1555.8,1598.5,12.0
772,773,0.01,0.07,0.1,7.7,12.0,3.02,0.01,0.0,0.01,0.01,0.0,0.08,0.06,816,1010.8,1041.1,19.0
773,774,0.03,0.05,0.11,7.5,12.1,3.05,0.01,0.0,0.01,0.01,0.0,0.25,0.2,816,1218.8,1260.2,18.0
774,775,0.01,0.05,0.09,7.65,12.2,3.05,0.01,0.0,0.01,0.01,0.0,0.46,0.2,816,1414.5,1465.5,15.0
776,777,0.01,0.08,0.05,9.4,10.7,3.2,0.01,0.0,0.01,0.01,0.0,0.27,0.22,816,1267.8,1285.0,15.0
777,778,0.01,0.01,0.01,10.5,10.3,3.1,0.01,0.0,0.01,0.01,0.0,0.36,0.11,816,1091.4,1140.3,22.0
778,779,0.0,0.07,0.1,10.4,10.4,2.2,0.01,0.0,0.01,0.01,0.0,0.25,0.24,816,1236.1,1249.2,15.0
781,782,0.01,0.05,0.02,10.6,10.6,2.06,0.01,0.0,0.01,0.01,0.0,0.36,0.08,816,1194.0,1235.4,17.0
782,783,0.01,0.12,0.06,10.3,10.2,2.05,0.01,0.0,0.01,0.01,0.0,0.31,0.21,816,1258.8,1289.1,15.0
783,784,0.0,0.05,0.02,10.3,10.2,2.06,0.01,0.0,0.01,0.01,0.0,0.35,0.17,816,1243.0,1292.6,16.0
784,785,0.0,0.05,0.02,10.4,10.0,2.05,0.01,0.0,0.01,0.01,0.0,0.35,0.31,816,,1344.2,16.0
785,786,0.0,0.12,0.08,10.4,9.2,1.97,0.01,0.0,0.01,0.01,0.0,0.26,0.21,816,1207.8,1223.7,16.0
786,787,0.0,0.05,0.02,11.2,9.9,2.05,0.01,0.0,0.01,0.01,0.0,0.13,0.3,816,1172.0,1213.3,18.0
787,788,0.0,0.12,0.07,9.9,10.5,2.1,0.01,0.0,0.01,0.01,0.0,0.23,0.22,816,1174.7,1216.8,17.0
788,789,0.0,0.12,0.07,9.9,10.5,2.1,0.01,0.0,0.01,0.01,0.0,0.23,0.22,927,1126.5,1188.5,17.0
791,792,0.0,0.11,0.3,10.2,10.4,2.05,0.01,0.0,0.01,0.01,0.0,0.2,0.22,816,1198.2,1240.2,17.0
792,793,0.0,0.11,0.3,10.2,10.4,2.05,0.01,0.0,0.01,0.01,0.0,0.2,0.22,927,1149.3,1223.7,19.0
793,794,0.0,0.1,0.41,10.2,10.4,2.0,0.01,0.0,0.01,0.01,0.0,0.25,0.23,816,1243.0,1289.8,18.0
795,796,0.01,0.12,0.06,10.3,10.2,2.05,0.01,0.0,0.01,0.01,0.0,0.31,0.21,816,1258.8,1289.1,15.0
796,797,0.02,0.24,0.1,10.2,10.3,1.94,0.01,0.0,0.01,0.01,0.0,0.24,0.23,816,1195.4,1220.9,
797,798,0.02,0.24,0.1,10.2,10.3,1.94,0.01,0.0,0.01,0.01,0.0,0.24,0.23,927,1138.9,1194.7,17.0
798,799,0.0,0.36,0.08,10.2,10.3,2.02,0.01,0.0,0.01,0.01,0.0,0.3,0.23,816,1189.9,1234.0,18.0
799,800,0.0,0.36,0.08,10.2,10.3,2.02,0.01,0.0,0.01,0.01,0.0,0.3,0.23,927,1167.9,1234.7,
800,801,0.0,0.44,0.08,10.1,10.3,2.0,0.01,0.0,0.01,0.01,0.0,0.3,0.22,816,1188.5,1230.6,
801,802,0.0,0.44,0.08,10.1,10.3,2.0,0.01,0.0,0.01,0.01,0.0,0.3,0.22,927,1137.5,1208.5,18.0
802,803,0.02,0.48,0.1,10.0,10.0,1.92,0.01,0.0,0.01,0.01,0.0,0.29,0.21,816,1222.3,,16.0
803,804,0.02,0.48,0.1,10.0,10.0,1.92,0.01,0.0,0.01,0.01,0.0,0.29,0.21,927,1154.8,1228.5,17.0
804,805,0.02,0.74,0.1,10.2,10.2,1.98,0.01,0.0,0.01,0.01,0.0,0.3,0.22,816,1149.9,1188.5,17.0
805,806,0.02,0.74,0.1,10.2,10.2,1.98,0.01,0.0,0.01,0.01,0.0,0.3,0.22,927,1141.7,1203.7,19.0
806,807,0.01,0.12,0.08,9.8,10.0,1.7,0.01,0.0,0.01,0.01,0.0,0.2,0.19,760,1150.6,1156.1,15.0
808,809,0.01,0.12,0.08,9.8,10.0,1.7,0.01,0.0,0.01,0.01,0.0,0.2,0.19,816,1083.8,1108.6,16.0
810,811,0.01,0.12,0.08,9.8,10.0,1.7,0.01,0.0,0.01,0.01,0.0,0.2,0.19,982,1105.8,1169.2,15.0
811,812,0.01,0.12,0.08,9.8,10.0,1.7,0.01,0.0,0.01,0.01,0.0,0.2,0.19,927,1035.6,1097.6,14.0
812,813,0.01,0.12,0.08,9.8,10.0,1.7,0.01,0.0,0.01,0.01,0.0,0.2,0.19,982,1081.7,1147.9,16.0
813,814,0.01,0.03,0.03,10.2,10.5,2.2,0.01,0.0,0.01,0.01,0.0,0.23,0.24,760,1340.8,1353.2,13.0
815,816,0.01,0.07,0.11,11.3,10.3,2.05,0.01,0.0,0.01,0.01,0.0,0.24,0.23,816,1107.9,1147.2,18.0
816,817,0.02,0.06,0.13,10.4,9.9,2.15,0.01,0.0,0.01,0.01,0.0,0.09,0.13,816,1005.9,1033.5,21.0
817,818,0.27,0.27,0.01,0.41,8.28,0.49,0.07,0.0,0.01,3.9,0.0,0.03,0.0,871,1274.7,1357.3,15.0
819,820,0.27,0.27,0.01,0.41,8.28,0.49,0.07,0.0,0.01,3.9,0.0,0.03,0.0,871,1267.8,1350.4,15.5
820,821,0.27,0.27,0.01,0.41,8.28,0.49,0.07,0.0,0.01,3.9,0.0,0.03,0.0,871,1267.8,1350.4,15.0
821,822,0.27,0.27,0.01,0.41,8.28,0.49,0.07,0.0,0.01,3.9,0.0,0.03,0.0,871,1267.8,1357.3,16.0
823,824,0.27,0.27,0.01,0.41,8.28,0.49,0.07,0.0,0.01,3.9,0.0,0.03,0.0,871,1012.8,1136.9,15.0
824,825,0.27,0.27,0.01,0.41,8.28,0.49,0.07,0.0,0.01,3.9,0.0,0.03,0.0,871,,,15.3
825,826,0.27,0.27,0.01,0.41,8.28,0.49,0.07,0.0,0.01,3.9,0.0,0.03,0.0,871,1012.8,1136.9,15.0
826,827,0.27,0.27,0.01,0.41,8.28,0.49,0.07,0.0,0.01,3.9,0.0,0.03,0.0,871,1123.1,1260.9,16.0
827,828,0.27,0.27,0.01,0.41,8.28,0.49,0.07,0.0,0.01,3.9,0.0,0.03,0.0,871,1116.2,1254.0,15.5
830,831,0.27,0.27,0.01,0.41,8.28,0.49,0.07,0.0,0.01,3.9,0.0,0.03,0.0,871,1116.2,1260.9,16.0
832,833,0.27,0.27,0.01,0.41,8.28,0.49,0.07,0.0,0.01,3.9,0.0,0.03,0.0,871,1005.9,1136.9,15.0
833,834,0.27,0.27,0.01,0.41,8.28,0.49,0.07,0.0,0.01,3.9,0.0,0.03,0.0,871,,1254.0,16.0
834,835,0.0,0.01,0.01,10.97,7.99,4.98,0.01,0.0,0.01,8.51,0.0,1.19,0.02,927,1853.4,1970.5,12.0
835,836,0.0,0.01,0.01,10.97,7.99,4.98,0.01,0.0,0.01,8.51,0.0,1.19,0.02,927,1839.6,,
836,837,0.0,0.01,0.01,10.97,7.99,4.98,0.01,0.0,0.01,8.51,0.0,1.19,0.02,927,1846.5,1970.5,12.0
837,838,0.0,0.01,0.01,10.97,7.99,4.98,0.01,0.0,0.01,8.51,0.0,1.19,0.02,927,,1908.5,14.0
838,839,0.01,0.01,0.01,10.96,7.97,5.0,0.01,0.0,0.01,8.55,0.0,1.21,0.01,927,1812.1,1929.2,12.0
839,840,0.01,0.01,0.01,10.96,7.97,5.0,0.01,0.0,0.01,8.55,0.0,1.21,0.01,927,1839.6,1977.4,10.0
841,842,0.01,0.01,0.01,11.14,8.01,4.99,0.01,0.0,0.01,8.62,0.0,1.22,0.01,927,1887.9,1991.2,10.0
